<?xml version = '1.0' encoding = 'UTF-8'?>
<Relation class="oracle.dbtools.crest.model.design.logical.Relation" name="Relation_1" directorySegmentName="seg_0" id="2077A2B8-569F-A925-56F1-6882303866E6">
<createdBy>bguillaumin</createdBy>
<createdTime>2017-04-20 07:27:27 UTC</createdTime>
<ownerDesignName>JobOverview</ownerDesignName>
<engineerTo>
<item key="56ADB870-93F3-30D4-4A8B-2900B6E9DE75" value="true"/>
</engineerTo>
<sourcePk>42E16D51-25AE-6FE2-A5A2-8FD9E981B9DB</sourcePk>
<identifying>false</identifying>
<optionalSource>true</optionalSource>
<optionalTarget>false</optionalTarget>
<sourceCardinality>1</sourceCardinality>
<sourceEntity>6CD95A72-1E8F-C722-77AD-E6385C26239F</sourceEntity>
<targetCardinalityString>*</targetCardinalityString>
<targetEntity>16B16A31-B119-316A-1C77-245E98489108</targetEntity>
<transferable>true</transferable>
<deleteRule>NO ACTION</deleteRule>
</Relation>