<?xml version = '1.0' encoding = 'UTF-8'?>
<Relation class="oracle.dbtools.crest.model.design.logical.Relation" name="Relation_16" directorySegmentName="seg_0" id="2E4C68CF-D279-743B-DC23-10798FF03985">
<createdBy>bguillaumin</createdBy>
<createdTime>2017-04-20 08:14:54 UTC</createdTime>
<ownerDesignName>JobOverview</ownerDesignName>
<engineerTo>
<item key="56ADB870-93F3-30D4-4A8B-2900B6E9DE75" value="true"/>
</engineerTo>
<sourcePk>F04AD4AF-32FB-90D3-520B-FF75B027E6B7</sourcePk>
<identifying>false</identifying>
<optionalSource>true</optionalSource>
<optionalTarget>false</optionalTarget>
<sourceCardinality>1</sourceCardinality>
<sourceEntity>69D37256-2517-D8B2-06E4-8E56183A3AD5</sourceEntity>
<targetCardinalityString>*</targetCardinalityString>
<targetEntity>07260BCC-A3EF-8F75-A002-C70F41EECABD</targetEntity>
<transferable>true</transferable>
<deleteRule>NO ACTION</deleteRule>
</Relation>