<?xml version = '1.0' encoding = 'UTF-8'?>
<Relation class="oracle.dbtools.crest.model.design.logical.Relation" name="MetierActivite" directorySegmentName="seg_0" id="458D6BA1-85FB-0771-0918-94480535D049">
<createdBy>bguillaumin</createdBy>
<createdTime>2017-04-20 08:12:40 UTC</createdTime>
<ownerDesignName>JobOverview</ownerDesignName>
<engineerTo>
<item key="56ADB870-93F3-30D4-4A8B-2900B6E9DE75" value="true"/>
</engineerTo>
<identifying>false</identifying>
<nameOnSource>MetierActivite</nameOnSource>
<optionalSource>true</optionalSource>
<optionalTarget>false</optionalTarget>
<sourceCardinality>*</sourceCardinality>
<sourceEntity>4F560065-5E0F-DB07-E2F3-FDB40CBF6E30</sourceEntity>
<targetCardinalityString>*</targetCardinalityString>
<targetEntity>69D37256-2517-D8B2-06E4-8E56183A3AD5</targetEntity>
<transferable>true</transferable>
<deleteRule>NO ACTION</deleteRule>
</Relation>