<?xml version = '1.0' encoding = 'UTF-8'?>
<Relation class="oracle.dbtools.crest.model.design.logical.Relation" name="Relation_29" directorySegmentName="seg_0" id="65138EB3-FC10-95D9-BBFD-FADE7FCF7BC9">
<createdBy>bguillaumin</createdBy>
<createdTime>2017-04-20 11:30:52 UTC</createdTime>
<ownerDesignName>JobOverview</ownerDesignName>
<engineerTo>
<item key="56ADB870-93F3-30D4-4A8B-2900B6E9DE75" value="true"/>
</engineerTo>
<sourcePk>ABD539CC-2A35-18CE-5F8B-0FA938D1C5F7</sourcePk>
<identifying>false</identifying>
<optionalSource>true</optionalSource>
<optionalTarget>false</optionalTarget>
<sourceCardinality>1</sourceCardinality>
<sourceEntity>2ADA5018-6F3B-33A8-BB14-6844587F7EDA</sourceEntity>
<targetCardinalityString>*</targetCardinalityString>
<targetEntity>1256BB18-E0A3-A827-EA6B-32AF00BA2E0D</targetEntity>
<transferable>true</transferable>
<deleteRule>NO ACTION</deleteRule>
</Relation>