<?xml version = '1.0' encoding = 'UTF-8'?>
<Relation class="oracle.dbtools.crest.model.design.logical.Relation" name="Relation_18" directorySegmentName="seg_0" id="6D214272-272E-E5DE-B437-23528965A1B4">
<createdBy>bguillaumin</createdBy>
<createdTime>2017-04-20 08:16:10 UTC</createdTime>
<ownerDesignName>JobOverview</ownerDesignName>
<engineerTo>
<item key="56ADB870-93F3-30D4-4A8B-2900B6E9DE75" value="true"/>
</engineerTo>
<sourcePk>882F3461-79BC-B64A-71CD-EECED16B9217</sourcePk>
<targetPk>37A58D20-3B14-009A-95F2-BA5A73F15E65</targetPk>
<identifying>false</identifying>
<optionalSource>false</optionalSource>
<optionalTarget>true</optionalTarget>
<sourceCardinality>*</sourceCardinality>
<sourceEntity>07260BCC-A3EF-8F75-A002-C70F41EECABD</sourceEntity>
<targetCardinalityString>1</targetCardinalityString>
<targetEntity>9D549DF2-B91A-5EE8-0E70-8FB500AE93D4</targetEntity>
<transferable>true</transferable>
<deleteRule>NO ACTION</deleteRule>
</Relation>