<?xml version = '1.0' encoding = 'UTF-8'?>
<Relation class="oracle.dbtools.crest.model.design.logical.Relation" name="Relation_2" directorySegmentName="seg_0" id="72BDE89F-A70A-F805-10DE-72F326845852">
<createdBy>bguillaumin</createdBy>
<createdTime>2017-04-20 07:27:39 UTC</createdTime>
<ownerDesignName>JobOverview</ownerDesignName>
<engineerTo>
<item key="56ADB870-93F3-30D4-4A8B-2900B6E9DE75" value="true"/>
</engineerTo>
<sourcePk>9FF5C834-D573-81A2-475D-8379879BD83F</sourcePk>
<identifying>false</identifying>
<optionalSource>true</optionalSource>
<optionalTarget>false</optionalTarget>
<sourceCardinality>1</sourceCardinality>
<sourceEntity>90B5F4A4-E63C-1EAA-BB8B-8455687E2EB2</sourceEntity>
<targetCardinalityString>*</targetCardinalityString>
<targetEntity>16B16A31-B119-316A-1C77-245E98489108</targetEntity>
<transferable>true</transferable>
<deleteRule>NO ACTION</deleteRule>
</Relation>