<?xml version = '1.0' encoding = 'UTF-8'?>
<Relation class="oracle.dbtools.crest.model.design.logical.Relation" name="Relation_9" directorySegmentName="seg_0" id="7A6A15E2-E89A-F599-85A5-E08D526EE2EF">
<createdBy>bguillaumin</createdBy>
<createdTime>2017-04-20 07:42:06 UTC</createdTime>
<ownerDesignName>JobOverview</ownerDesignName>
<engineerTo>
<item key="56ADB870-93F3-30D4-4A8B-2900B6E9DE75" value="true"/>
</engineerTo>
<sourcePk>ABD539CC-2A35-18CE-5F8B-0FA938D1C5F7</sourcePk>
<identifying>false</identifying>
<optionalSource>true</optionalSource>
<optionalTarget>false</optionalTarget>
<sourceCardinality>1</sourceCardinality>
<sourceEntity>2ADA5018-6F3B-33A8-BB14-6844587F7EDA</sourceEntity>
<targetCardinalityString>*</targetCardinalityString>
<targetEntity>9D549DF2-B91A-5EE8-0E70-8FB500AE93D4</targetEntity>
<transferable>true</transferable>
<deleteRule>NO ACTION</deleteRule>
</Relation>