<?xml version = '1.0' encoding = 'UTF-8'?>
<Relation class="oracle.dbtools.crest.model.design.logical.Relation" name="Relation_25" directorySegmentName="seg_0" id="7E3876AB-A982-6AB5-6A52-C878E3BA8512">
<createdBy>bguillaumin</createdBy>
<createdTime>2017-04-20 09:08:57 UTC</createdTime>
<ownerDesignName>JobOverview</ownerDesignName>
<engineerTo>
<item key="56ADB870-93F3-30D4-4A8B-2900B6E9DE75" value="true"/>
</engineerTo>
<sourcePk>22AF03FF-46A4-F43A-2D41-1F6E810C2371</sourcePk>
<identifying>true</identifying>
<optionalSource>true</optionalSource>
<optionalTarget>false</optionalTarget>
<sourceCardinality>1</sourceCardinality>
<sourceEntity>439504C5-31D3-6140-4A80-8F9EF79A2B66</sourceEntity>
<targetCardinalityString>*</targetCardinalityString>
<targetEntity>6131A520-BC3D-18B0-81C9-F34672027533</targetEntity>
<transferable>true</transferable>
<deleteRule>NO ACTION</deleteRule>
</Relation>