<?xml version = '1.0' encoding = 'UTF-8'?>
<Relation class="oracle.dbtools.crest.model.design.logical.Relation" name="Relation_28" directorySegmentName="seg_0" id="88D5F68C-7F1A-27F3-B66F-AB79A79A69A3">
<createdBy>bguillaumin</createdBy>
<createdTime>2017-04-20 11:30:45 UTC</createdTime>
<ownerDesignName>JobOverview</ownerDesignName>
<engineerTo>
<item key="56ADB870-93F3-30D4-4A8B-2900B6E9DE75" value="true"/>
</engineerTo>
<sourcePk>5422D56E-4465-11FC-1724-C81211C8F639</sourcePk>
<identifying>false</identifying>
<optionalSource>true</optionalSource>
<optionalTarget>false</optionalTarget>
<sourceCardinality>1</sourceCardinality>
<sourceEntity>1256BB18-E0A3-A827-EA6B-32AF00BA2E0D</sourceEntity>
<targetCardinalityString>*</targetCardinalityString>
<targetEntity>B983772C-1F97-B711-74A8-64F5EA95DB91</targetEntity>
<transferable>true</transferable>
<deleteRule>NO ACTION</deleteRule>
</Relation>