<?xml version = '1.0' encoding = 'UTF-8'?>
<Relation class="oracle.dbtools.crest.model.design.logical.Relation" name="Relation_27" directorySegmentName="seg_0" id="984B7D40-EC3B-C4FF-9AE6-37292D997E37">
<createdBy>bguillaumin</createdBy>
<createdTime>2017-04-20 11:29:50 UTC</createdTime>
<ownerDesignName>JobOverview</ownerDesignName>
<engineerTo>
<item key="56ADB870-93F3-30D4-4A8B-2900B6E9DE75" value="true"/>
</engineerTo>
<sourcePk>96CEEDCA-415B-F8FC-B867-804CE729E59D</sourcePk>
<identifying>false</identifying>
<optionalSource>true</optionalSource>
<optionalTarget>false</optionalTarget>
<sourceCardinality>1</sourceCardinality>
<sourceEntity>5726BCBB-6E92-62C7-9B9F-DEF98FFB4402</sourceEntity>
<targetCardinalityString>*</targetCardinalityString>
<targetEntity>DD0A4DEA-A50A-134F-A103-7C8984150C7B</targetEntity>
<transferable>true</transferable>
<deleteRule>NO ACTION</deleteRule>
</Relation>