<?xml version = '1.0' encoding = 'UTF-8'?>
<Relation class="oracle.dbtools.crest.model.design.logical.Relation" name="Relation_15" directorySegmentName="seg_0" id="9851F69C-D09B-B400-6D32-64BD7B898238">
<createdBy>bguillaumin</createdBy>
<createdTime>2017-04-20 08:14:32 UTC</createdTime>
<ownerDesignName>JobOverview</ownerDesignName>
<engineerTo>
<item key="56ADB870-93F3-30D4-4A8B-2900B6E9DE75" value="true"/>
</engineerTo>
<sourcePk>EFFB9EE8-5443-4548-09FF-3A84CB8F44B4</sourcePk>
<identifying>false</identifying>
<optionalSource>true</optionalSource>
<optionalTarget>false</optionalTarget>
<sourceCardinality>1</sourceCardinality>
<sourceEntity>4F560065-5E0F-DB07-E2F3-FDB40CBF6E30</sourceEntity>
<targetCardinalityString>*</targetCardinalityString>
<targetEntity>0F59BCED-E849-92BD-74F4-1FA89DBD0EE1</targetEntity>
<transferable>true</transferable>
<deleteRule>NO ACTION</deleteRule>
</Relation>