<?xml version = '1.0' encoding = 'UTF-8'?>
<Relation class="oracle.dbtools.crest.model.design.logical.Relation" name="SousModule" directorySegmentName="seg_0" id="AB4C3983-1AFC-E3C3-D89A-51068458DCA0">
<createdBy>bguillaumin</createdBy>
<createdTime>2017-04-20 07:36:11 UTC</createdTime>
<ownerDesignName>JobOverview</ownerDesignName>
<engineerTo>
<item key="56ADB870-93F3-30D4-4A8B-2900B6E9DE75" value="true"/>
</engineerTo>
<targetPk>37A58D20-3B14-009A-95F2-BA5A73F15E65</targetPk>
<identifying>false</identifying>
<nameOnSource>SousModule</nameOnSource>
<optionalSource>true</optionalSource>
<optionalTarget>true</optionalTarget>
<sourceCardinality>1</sourceCardinality>
<sourceEntity>9D549DF2-B91A-5EE8-0E70-8FB500AE93D4</sourceEntity>
<targetCardinalityString>*</targetCardinalityString>
<targetEntity>9D549DF2-B91A-5EE8-0E70-8FB500AE93D4</targetEntity>
<transferable>true</transferable>
<deleteRule>NO ACTION</deleteRule>
</Relation>