<?xml version = '1.0' encoding = 'UTF-8'?>
<Relation class="oracle.dbtools.crest.model.design.logical.Relation" name="Manager" directorySegmentName="seg_0" id="C818B00F-7323-A815-751C-E383A6371A38">
<createdBy>bguillaumin</createdBy>
<createdTime>2017-04-20 07:32:08 UTC</createdTime>
<ownerDesignName>JobOverview</ownerDesignName>
<engineerTo>
<item key="56ADB870-93F3-30D4-4A8B-2900B6E9DE75" value="true"/>
</engineerTo>
<targetPk>D1DF233A-2456-678E-24AB-476DFBA9683A</targetPk>
<identifying>false</identifying>
<nameOnSource>Manager</nameOnSource>
<optionalSource>true</optionalSource>
<optionalTarget>true</optionalTarget>
<sourceCardinality>1</sourceCardinality>
<sourceEntity>0F59BCED-E849-92BD-74F4-1FA89DBD0EE1</sourceEntity>
<targetCardinalityString>*</targetCardinalityString>
<targetEntity>0F59BCED-E849-92BD-74F4-1FA89DBD0EE1</targetEntity>
<transferable>true</transferable>
<deleteRule>NO ACTION</deleteRule>
</Relation>