<?xml version = '1.0' encoding = 'UTF-8'?>
<Relation class="oracle.dbtools.crest.model.design.logical.Relation" name="Relation_31" directorySegmentName="seg_0" id="CB18F797-8707-B4AC-347E-51C1DA3CD490">
<createdBy>bguillaumin</createdBy>
<createdTime>2017-04-20 14:37:13 UTC</createdTime>
<ownerDesignName>JobOverview</ownerDesignName>
<engineerTo>
<item key="56ADB870-93F3-30D4-4A8B-2900B6E9DE75" value="true"/>
</engineerTo>
<sourcePk>D1DF233A-2456-678E-24AB-476DFBA9683A</sourcePk>
<identifying>false</identifying>
<optionalSource>true</optionalSource>
<optionalTarget>false</optionalTarget>
<sourceCardinality>1</sourceCardinality>
<sourceEntity>0F59BCED-E849-92BD-74F4-1FA89DBD0EE1</sourceEntity>
<targetCardinalityString>*</targetCardinalityString>
<targetEntity>6131A520-BC3D-18B0-81C9-F34672027533</targetEntity>
<transferable>true</transferable>
<deleteRule>NO ACTION</deleteRule>
</Relation>