<?xml version = '1.0' encoding = 'UTF-8'?>
<Relation class="oracle.dbtools.crest.model.design.logical.Relation" name="Relation_30" directorySegmentName="seg_0" id="E6AF8BDA-9532-D282-043D-120B9AF275D5">
<createdBy>bguillaumin</createdBy>
<createdTime>2017-04-20 11:30:57 UTC</createdTime>
<ownerDesignName>JobOverview</ownerDesignName>
<engineerTo>
<item key="56ADB870-93F3-30D4-4A8B-2900B6E9DE75" value="true"/>
</engineerTo>
<sourcePk>5422D56E-4465-11FC-1724-C81211C8F639</sourcePk>
<identifying>false</identifying>
<optionalSource>true</optionalSource>
<optionalTarget>false</optionalTarget>
<sourceCardinality>1</sourceCardinality>
<sourceEntity>1256BB18-E0A3-A827-EA6B-32AF00BA2E0D</sourceEntity>
<targetCardinalityString>*</targetCardinalityString>
<targetEntity>07260BCC-A3EF-8F75-A002-C70F41EECABD</targetEntity>
<transferable>true</transferable>
<deleteRule>NO ACTION</deleteRule>
</Relation>