<?xml version = '1.0' encoding = 'UTF-8'?>
<Relation class="oracle.dbtools.crest.model.design.logical.Relation" name="Productivité" directorySegmentName="seg_0" id="F43120B4-4C88-365B-EAFF-27F34C147743">
<createdBy>bguillaumin</createdBy>
<createdTime>2017-04-20 07:28:07 UTC</createdTime>
<ownerDesignName>JobOverview</ownerDesignName>
<engineerTo>
<item key="56ADB870-93F3-30D4-4A8B-2900B6E9DE75" value="true"/>
</engineerTo>
<identifying>false</identifying>
<nameOnSource>Productivité</nameOnSource>
<optionalSource>false</optionalSource>
<optionalTarget>true</optionalTarget>
<sourceCardinality>*</sourceCardinality>
<sourceEntity>16B16A31-B119-316A-1C77-245E98489108</sourceEntity>
<targetCardinalityString>*</targetCardinalityString>
<targetEntity>0F59BCED-E849-92BD-74F4-1FA89DBD0EE1</targetEntity>
<transferable>true</transferable>
<deleteRule>NO ACTION</deleteRule>
<attributes itemClass="oracle.dbtools.crest.model.design.logical.Attribute">
<attribute name="DateArrivée" id="46ED1CFF-3A19-9D25-0485-BEB79ABFEA50">
<createdBy>bguillaumin</createdBy>
<createdTime>2017-04-20 07:29:17 UTC</createdTime>
<ownerDesignName>JobOverview</ownerDesignName>
<engineerTo>
<item key="56ADB870-93F3-30D4-4A8B-2900B6E9DE75" value="true"/>
</engineerTo>
<use>0</use>
<logicalDatatype>LOGDT007</logicalDatatype>
<domain>A833FC96-CD02-5F85-E806-881523064D21</domain>
<ownDataTypeParameters>,,</ownDataTypeParameters>
</attribute>
<attribute name="Taux" id="9E07DE25-EFF3-68BA-AAE9-F6B2705E31A1">
<createdBy>bguillaumin</createdBy>
<createdTime>2017-04-20 07:29:43 UTC</createdTime>
<ownerDesignName>JobOverview</ownerDesignName>
<engineerTo>
<item key="56ADB870-93F3-30D4-4A8B-2900B6E9DE75" value="true"/>
</engineerTo>
<useDomainConstraints>false</useDomainConstraints>
<use>1</use>
<logicalDatatype>LOGDT011</logicalDatatype>
<ownDataTypeParameters>,,</ownDataTypeParameters>
</attribute>
</attributes>
</Relation>