<?xml version = '1.0' encoding = 'UTF-8'?>
<Diagram class="oracle.dbtools.crest.swingui.relational.DPVRelational" name="MPD Projet BDD" id="8B764800-DF7F-625E-BA86-329C702A8CC1">
<createdBy>MGOLLAIN, BGUILLAUMIN</createdBy>
<modifiedBy>MGOLLAIN, BGUILLAUMIN</modifiedBy>
<createdTime>2017-04-20 11:31:18 UTC</createdTime>
<autoRoute>false</autoRoute>
<boxInbox>true</boxInbox>
<showLegend>true</showLegend>
<showLabels>false</showLabels>
<showRelAttributes>false</showRelAttributes>
<gridEnabled>false</gridEnabled>
<showGrid>false</showGrid>
<diagramColor>-1</diagramColor>
<legendPosX>1391</legendPosX>
<legendPosY>694</legendPosY>
<display>false</display>
<notation>1</notation>
<objectViews>
<OView class="oracle.dbtools.crest.swingui.relational.TVTable" oid="01F6F2BE-3F32-D181-3C89-E3AD8FC95540" otype="Table" vid="C644E9C2-A4F1-46BC-D790-14251460CB6C">
<hideElementsInCurrentOnly>false</hideElementsInCurrentOnly>
<bounds x="1434" y="90" width="264" height="108"/>
</OView>
<OView class="oracle.dbtools.crest.swingui.TVLegend" oid="06285359-6729-FF59-BF9F-FB9469C8C3C8" otype="Legend" vid="A3D08823-B3F7-1CA0-48FA-8F07EEA983D1">
<hideElementsInCurrentOnly>false</hideElementsInCurrentOnly>
<bounds x="1391" y="694" width="274" height="135"/>
</OView>
<OView class="oracle.dbtools.crest.swingui.relational.TVTable" oid="1D894095-D907-28C7-02CA-A552EB20BB9E" otype="Table" vid="EA8A00E9-92DE-42F2-203C-090300C620D2">
<hideElementsInCurrentOnly>false</hideElementsInCurrentOnly>
<bounds x="299" y="277" width="217" height="164"/>
</OView>
<OView class="oracle.dbtools.crest.swingui.relational.TVTable" oid="233CF409-7260-6D6C-59ED-FB4237B6931C" otype="Table" vid="F23FD118-0352-699D-FF8C-E0847ADC2A84">
<hideElementsInCurrentOnly>false</hideElementsInCurrentOnly>
<bounds x="54" y="272" width="183" height="108"/>
</OView>
<OView class="oracle.dbtools.crest.swingui.relational.TVTable" oid="2965416C-EAD4-2AB5-DCCE-A5143652146E" otype="Table" vid="B202028A-CADD-90DF-E1D8-376EF410D4BD">
<hideElementsInCurrentOnly>false</hideElementsInCurrentOnly>
<bounds x="304" y="62" width="181" height="136"/>
</OView>
<OView class="oracle.dbtools.crest.swingui.relational.TVTable" oid="30A4120D-D11F-F261-8F2B-26E84E1D2C6D" otype="Table" vid="EF386EF5-1A17-B882-95A9-5EF4563DC214">
<hideElementsInCurrentOnly>false</hideElementsInCurrentOnly>
<bounds x="1207" y="87" width="169" height="74"/>
</OView>
<OView class="oracle.dbtools.crest.swingui.relational.TVTable" oid="3DB4F304-0CC4-EC05-D265-28AF50357F44" otype="Table" vid="6657633B-5042-9DAE-5705-78AAEEB0BADD">
<hideElementsInCurrentOnly>false</hideElementsInCurrentOnly>
<bounds x="1167" y="189" width="246" height="136"/>
</OView>
<OView class="oracle.dbtools.crest.swingui.relational.TVTable" oid="423D7986-FB52-4D58-E2FC-2BD6B68C210F" otype="Table" vid="E72458DA-87F7-702D-3755-B2D8E238D771">
<hideElementsInCurrentOnly>false</hideElementsInCurrentOnly>
<bounds x="1439" y="549" width="169" height="74"/>
</OView>
<OView class="oracle.dbtools.crest.swingui.relational.TVTable" oid="47A5CF3D-35DD-5A7E-C75E-447DAC0626B5" otype="Table" vid="D15390D1-A832-D378-2248-F0D929828D21">
<hideElementsInCurrentOnly>false</hideElementsInCurrentOnly>
<bounds x="60" y="531" width="217" height="136"/>
</OView>
<OView class="oracle.dbtools.crest.swingui.relational.TVTable" oid="52A62236-395D-ADFF-3BA8-CBE7F9AF77C6" otype="Table" vid="D7256561-7F9E-ED7B-DD39-57FC872BB945">
<hideElementsInCurrentOnly>false</hideElementsInCurrentOnly>
<bounds x="301" y="477" width="290" height="136"/>
</OView>
<OView class="oracle.dbtools.crest.swingui.relational.TVTable" oid="791BBFA5-CEEC-BA91-560F-C56693DFFAA7" otype="Table" vid="308161E7-F308-6337-5D35-AE87F996C21D">
<hideElementsInCurrentOnly>false</hideElementsInCurrentOnly>
<bounds x="605" y="398" width="253" height="262"/>
</OView>
<OView class="oracle.dbtools.crest.swingui.relational.TVTable" oid="878AF83A-F408-22FD-310B-26252B874D06" otype="Table" vid="05C604D6-815F-0F07-C248-BF555AC5B1ED">
<hideElementsInCurrentOnly>false</hideElementsInCurrentOnly>
<bounds x="1219" y="432" width="172" height="74"/>
</OView>
<OView class="oracle.dbtools.crest.swingui.TVNote" oid="8C3676F0-5913-6DC9-EC26-FE274AAF97E5" otype="Note" vid="F28880A5-BDF2-D2CE-9CA6-57F5A239B963">
<hideElementsInCurrentOnly>false</hideElementsInCurrentOnly>
<bounds x="65" y="762" width="780" height="71"/>
<useCustomFormat>true</useCustomFormat>
<useDefaultColor>false</useDefaultColor>
<backgroundColor>-1</backgroundColor>
<foregroundColor>-16777216</foregroundColor>
<comment>MPD Description du système d&apos;information</comment>
<fonts itemClass="oracle.dbtools.crest.model.design.FontObjectWr">
<FontObject>
<foType>Titre</foType>
<fontSize>40</fontSize>
<colorRGB>-16777216</colorRGB>
</FontObject>
</fonts>
</OView>
<OView class="oracle.dbtools.crest.swingui.relational.TVTable" oid="A86EE298-F400-CCD9-F925-7AC41951BECB" otype="Table" vid="32DC6066-6B49-7EE8-3C06-031ABC48765C">
<hideElementsInCurrentOnly>false</hideElementsInCurrentOnly>
<bounds x="551" y="63" width="250" height="136"/>
</OView>
<OView class="oracle.dbtools.crest.swingui.relational.TVTable" oid="B36F3C9E-050E-91C5-4735-50543F46DFB3" otype="Table" vid="B450B9F0-5AD0-04BA-8497-12783F400D85">
<hideElementsInCurrentOnly>false</hideElementsInCurrentOnly>
<bounds x="886" y="278" width="174" height="88"/>
</OView>
<OView class="oracle.dbtools.crest.swingui.relational.TVTable" oid="C8A1A711-B8F7-2133-E591-FB303AD8C58E" otype="Table" vid="5CA2F8E5-B394-EF8A-640B-6CC2D183B5C5">
<hideElementsInCurrentOnly>false</hideElementsInCurrentOnly>
<bounds x="889" y="432" width="280" height="108"/>
</OView>
<OView class="oracle.dbtools.crest.swingui.relational.TVTable" oid="D1E83526-20B7-5D80-DB87-D848B345E9B9" otype="Table" vid="6CFB071E-1F6D-5E4B-AC5F-40F832AC4CD8">
<hideElementsInCurrentOnly>false</hideElementsInCurrentOnly>
<bounds x="55" y="70" width="169" height="74"/>
</OView>
<OView class="oracle.dbtools.crest.swingui.relational.TVTable" oid="DBF784D1-5B33-4354-5995-F7BD6B23F4CE" otype="Table" vid="EEF879FE-BDAC-0AC7-949C-CC680AB8D195">
<hideElementsInCurrentOnly>false</hideElementsInCurrentOnly>
<bounds x="553" y="226" width="169" height="74"/>
</OView>
<OView class="oracle.dbtools.crest.swingui.relational.TVTable" oid="F8E7875C-A675-76A9-F43C-C45405A440C8" otype="Table" vid="5AD3B051-7CC7-CCC2-BF23-E711D98F0792">
<hideElementsInCurrentOnly>false</hideElementsInCurrentOnly>
<bounds x="883" y="89" width="231" height="150"/>
</OView>
</objectViews>
<connectors>
<Connector class="oracle.dbtools.crest.swingui.relational.TVFKRelation" oid="02951C71-A7DF-B3E8-E9BD-9CCFFD62705C" otype="FKIndexAssociation" vid_source="6CFB071E-1F6D-5E4B-AC5F-40F832AC4CD8" vid_target="F23FD118-0352-699D-FF8C-E0847ADC2A84">
<hideElementsInCurrentOnly>false</hideElementsInCurrentOnly>
<lineWidth>1</lineWidth>
<points>
<point x="139" y="144"/>
<point x="139" y="272"/>
</points>
</Connector>
<Connector class="oracle.dbtools.crest.swingui.relational.TVFKRelation" oid="11A83197-8A0A-C3F9-6CA1-530F006EF697" otype="FKIndexAssociation" vid_source="EA8A00E9-92DE-42F2-203C-090300C620D2" vid_target="308161E7-F308-6337-5D35-AE87F996C21D">
<hideElementsInCurrentOnly>false</hideElementsInCurrentOnly>
<lineWidth>1</lineWidth>
<points>
<point x="516" y="419"/>
<point x="605" y="419"/>
</points>
</Connector>
<Connector class="oracle.dbtools.crest.swingui.relational.TVFKRelation" oid="15C0D428-CDBD-73B0-6492-0665656181F0" otype="FKIndexAssociation" vid_source="EF386EF5-1A17-B882-95A9-5EF4563DC214" vid_target="5AD3B051-7CC7-CCC2-BF23-E711D98F0792">
<hideElementsInCurrentOnly>false</hideElementsInCurrentOnly>
<lineWidth>1</lineWidth>
<points>
<point x="1207" y="135"/>
<point x="1114" y="135"/>
</points>
</Connector>
<Connector class="oracle.dbtools.crest.swingui.relational.TVFKRelation" oid="1D70A06F-A654-06E5-842C-E1D65980B1F2" otype="FKIndexAssociation" vid_source="B450B9F0-5AD0-04BA-8497-12783F400D85" vid_target="6657633B-5042-9DAE-5705-78AAEEB0BADD">
<hideElementsInCurrentOnly>false</hideElementsInCurrentOnly>
<lineWidth>1</lineWidth>
<points>
<point x="1060" y="301"/>
<point x="1167" y="301"/>
</points>
</Connector>
<Connector class="oracle.dbtools.crest.swingui.relational.TVFKRelation" oid="2466FB55-F87E-C286-952A-11E6E164DAEF" otype="FKIndexAssociation" vid_source="EA8A00E9-92DE-42F2-203C-090300C620D2" vid_target="D7256561-7F9E-ED7B-DD39-57FC872BB945">
<hideElementsInCurrentOnly>false</hideElementsInCurrentOnly>
<lineWidth>1</lineWidth>
<points>
<point x="408" y="441"/>
<point x="408" y="477"/>
</points>
</Connector>
<Connector class="oracle.dbtools.crest.swingui.relational.TVFKRelation" oid="3A3D1848-6947-C9BA-BCFF-6CA5B7F219DF" otype="FKIndexAssociation" vid_source="05C604D6-815F-0F07-C248-BF555AC5B1ED" vid_target="5CA2F8E5-B394-EF8A-640B-6CC2D183B5C5">
<hideElementsInCurrentOnly>false</hideElementsInCurrentOnly>
<lineWidth>1</lineWidth>
<points>
<point x="1219" y="469"/>
<point x="1169" y="469"/>
</points>
</Connector>
<Connector class="oracle.dbtools.crest.swingui.relational.TVFKRelation" oid="4E8A4AA6-D45F-BA31-6D6F-FC2BA38C60F4" otype="FKIndexAssociation" vid_source="D15390D1-A832-D378-2248-F0D929828D21" vid_target="308161E7-F308-6337-5D35-AE87F996C21D">
<hideElementsInCurrentOnly>false</hideElementsInCurrentOnly>
<lineWidth>1</lineWidth>
<points>
<point x="277" y="638"/>
<point x="593" y="638"/>
<point x="605" y="638"/>
</points>
</Connector>
<Connector class="oracle.dbtools.crest.swingui.relational.TVFKRelation" oid="53EF834E-6ED8-DD77-05A6-BDDBB5ADF183" otype="FKIndexAssociation" vid_source="5AD3B051-7CC7-CCC2-BF23-E711D98F0792" vid_target="32DC6066-6B49-7EE8-3C06-031ABC48765C">
<hideElementsInCurrentOnly>false</hideElementsInCurrentOnly>
<lineWidth>1</lineWidth>
<points>
<point x="883" y="158"/>
<point x="801" y="158"/>
</points>
</Connector>
<Connector class="oracle.dbtools.crest.swingui.relational.TVFKRelation" oid="723E45A6-EC52-17D0-55B9-4147D9771F15" otype="FKIndexAssociation" vid_source="B202028A-CADD-90DF-E1D8-376EF410D4BD" vid_target="32DC6066-6B49-7EE8-3C06-031ABC48765C">
<hideElementsInCurrentOnly>false</hideElementsInCurrentOnly>
<lineWidth>1</lineWidth>
<points>
<point x="485" y="130"/>
<point x="551" y="130"/>
</points>
</Connector>
<Connector class="oracle.dbtools.crest.swingui.relational.TVFKRelation" oid="78D27A25-FDB2-FC45-D15A-143B6FB17335" otype="FKIndexAssociation" vid_source="5AD3B051-7CC7-CCC2-BF23-E711D98F0792" vid_target="5AD3B051-7CC7-CCC2-BF23-E711D98F0792">
<hideElementsInCurrentOnly>false</hideElementsInCurrentOnly>
<lineWidth>1</lineWidth>
<points>
<point x="1114" y="164"/>
<point x="1078" y="144"/>
<point x="1078" y="224"/>
<point x="968" y="224"/>
<point x="968" y="239"/>
</points>
</Connector>
<Connector class="oracle.dbtools.crest.swingui.relational.TVFKRelation" oid="820B523D-3B65-1852-97B1-7B42D7BDD306" otype="FKIndexAssociation" vid_source="EEF879FE-BDAC-0AC7-949C-CC680AB8D195" vid_target="B202028A-CADD-90DF-E1D8-376EF410D4BD">
<hideElementsInCurrentOnly>false</hideElementsInCurrentOnly>
<lineWidth>1</lineWidth>
<points>
<point x="553" y="253"/>
<point x="382" y="253"/>
<point x="382" y="198"/>
</points>
</Connector>
<Connector class="oracle.dbtools.crest.swingui.relational.TVFKRelation" oid="AE5619B9-62A3-639D-ABAF-91DEDBA9C4D4" otype="FKIndexAssociation" vid_source="5AD3B051-7CC7-CCC2-BF23-E711D98F0792" vid_target="6657633B-5042-9DAE-5705-78AAEEB0BADD">
<hideElementsInCurrentOnly>false</hideElementsInCurrentOnly>
<lineWidth>1</lineWidth>
<points>
<point x="1114" y="214"/>
<point x="1167" y="214"/>
</points>
</Connector>
<Connector class="oracle.dbtools.crest.swingui.relational.TVFKRelation" oid="B3924388-8A60-7E5C-E5DB-BC725797E00C" otype="FKIndexAssociation" vid_source="E72458DA-87F7-702D-3755-B2D8E238D771" vid_target="C644E9C2-A4F1-46BC-D790-14251460CB6C">
<hideElementsInCurrentOnly>false</hideElementsInCurrentOnly>
<lineWidth>1</lineWidth>
<points>
<point x="1523" y="549"/>
<point x="1523" y="198"/>
</points>
</Connector>
<Connector class="oracle.dbtools.crest.swingui.relational.TVFKRelation" oid="B848BD13-3A4D-E857-98A2-B461EFC78589" otype="FKIndexAssociation" vid_source="F23FD118-0352-699D-FF8C-E0847ADC2A84" vid_target="D15390D1-A832-D378-2248-F0D929828D21">
<hideElementsInCurrentOnly>false</hideElementsInCurrentOnly>
<lineWidth>1</lineWidth>
<points>
<point x="152" y="380"/>
<point x="152" y="531"/>
</points>
</Connector>
<Connector class="oracle.dbtools.crest.swingui.relational.TVFKRelation" oid="BD58E83F-0699-3771-241B-DAFE1B103488" otype="FKIndexAssociation" vid_source="E72458DA-87F7-702D-3755-B2D8E238D771" vid_target="308161E7-F308-6337-5D35-AE87F996C21D">
<hideElementsInCurrentOnly>false</hideElementsInCurrentOnly>
<lineWidth>1</lineWidth>
<points>
<point x="1439" y="586"/>
<point x="858" y="586"/>
</points>
</Connector>
<Connector class="oracle.dbtools.crest.swingui.relational.TVFKRelation" oid="BF71E6CB-3026-FDE4-1F51-375C02EB07CE" otype="FKIndexAssociation" vid_source="D15390D1-A832-D378-2248-F0D929828D21" vid_target="D15390D1-A832-D378-2248-F0D929828D21">
<hideElementsInCurrentOnly>false</hideElementsInCurrentOnly>
<lineWidth>1</lineWidth>
<points>
<point x="60" y="597"/>
<point x="26" y="597"/>
<point x="27" y="706"/>
<point x="170" y="705"/>
<point x="170" y="667"/>
</points>
</Connector>
<Connector class="oracle.dbtools.crest.swingui.relational.TVFKRelation" oid="EAC8E988-F18C-0273-DE49-48617D166D56" otype="FKIndexAssociation" vid_source="6CFB071E-1F6D-5E4B-AC5F-40F832AC4CD8" vid_target="B202028A-CADD-90DF-E1D8-376EF410D4BD">
<hideElementsInCurrentOnly>false</hideElementsInCurrentOnly>
<lineWidth>1</lineWidth>
<points>
<point x="224" y="107"/>
<point x="304" y="107"/>
</points>
</Connector>
<Connector class="oracle.dbtools.crest.swingui.relational.TVFKRelation" oid="ECCC4632-8090-DF49-226F-E5D755D48813" otype="FKIndexAssociation" vid_source="B450B9F0-5AD0-04BA-8497-12783F400D85" vid_target="5CA2F8E5-B394-EF8A-640B-6CC2D183B5C5">
<hideElementsInCurrentOnly>false</hideElementsInCurrentOnly>
<lineWidth>1</lineWidth>
<points>
<point x="1019" y="366"/>
<point x="1019" y="432"/>
</points>
</Connector>
<Connector class="oracle.dbtools.crest.swingui.relational.TVFKRelation" oid="EFAB657E-D005-685B-4B8E-D5FB2706D5B1" otype="FKIndexAssociation" vid_source="F23FD118-0352-699D-FF8C-E0847ADC2A84" vid_target="EA8A00E9-92DE-42F2-203C-090300C620D2">
<hideElementsInCurrentOnly>false</hideElementsInCurrentOnly>
<lineWidth>1</lineWidth>
<points>
<point x="237" y="328"/>
<point x="299" y="328"/>
</points>
</Connector>
<Connector class="oracle.dbtools.crest.swingui.relational.TVFKRelation" oid="F5982DF7-0B33-EC30-C544-8AAF7775F3F9" otype="FKIndexAssociation" vid_source="EF386EF5-1A17-B882-95A9-5EF4563DC214" vid_target="C644E9C2-A4F1-46BC-D790-14251460CB6C">
<hideElementsInCurrentOnly>false</hideElementsInCurrentOnly>
<lineWidth>1</lineWidth>
<points>
<point x="1376" y="125"/>
<point x="1434" y="125"/>
</points>
</Connector>
<Connector class="oracle.dbtools.crest.swingui.relational.TVFKRelation" oid="F6399B54-1E9B-2E3D-B547-97959205DBCC" otype="FKIndexAssociation" vid_source="B450B9F0-5AD0-04BA-8497-12783F400D85" vid_target="308161E7-F308-6337-5D35-AE87F996C21D">
<hideElementsInCurrentOnly>false</hideElementsInCurrentOnly>
<lineWidth>1</lineWidth>
<points>
<point x="886" y="328"/>
<point x="780" y="328"/>
<point x="780" y="398"/>
</points>
</Connector>
</connectors>
<arcs>
<Arc class="oracle.dbtools.crest.swingui.relational.TVFKArc" oid="E220DE61-47D7-40D8-9CCC-F9E2772A2263" otype="FKArc" vid="8F7C2C3A-2776-F2CA-5503-720485C8E42A">
<hideElementsInCurrentOnly>false</hideElementsInCurrentOnly>
<bounds x="866" y="258" width="214" height="128"/>
</Arc>
</arcs>
</Diagram>