<?xml version = '1.0' encoding = 'UTF-8'?>
<FKIndexAssociation class="oracle.dbtools.crest.model.design.relational.FKIndexAssociation" directorySegmentName="seg_0" id="02951C71-A7DF-B3E8-E9BD-9CCFFD62705C" containerWithKeyObject="233CF409-7260-6D6C-59ED-FB4237B6931C" localFKIndex="3925ECC5-0A5C-CC4B-89E2-96A221D1843B" name="Logiciel_Filière_FK">
<createdBy>bguillaumin</createdBy>
<createdTime>2017-04-20 11:34:35 UTC</createdTime>
<generatorID>42689580-95E9-4696-E73F-27298220B00B</generatorID>
<ownerDesignName>JobOverview</ownerDesignName>
<deleteRule>NO ACTION</deleteRule>
<referredTableID>D1E83526-20B7-5D80-DB87-D848B345E9B9</referredTableID>
<keyObject>0BAA9AFE-61DD-26AA-AEA2-713AD319260A</keyObject>
<referredKeyID>0BAA9AFE-61DD-26AA-AEA2-713AD319260A</referredKeyID>
<mandatory>true</mandatory>
<transferable>true</transferable>
<rely>false</rely>
<columnDependencyConstraintGenerateInDDL>true</columnDependencyConstraintGenerateInDDL>
</FKIndexAssociation>