<?xml version = '1.0' encoding = 'UTF-8'?>
<FKIndexAssociation class="oracle.dbtools.crest.model.design.relational.FKIndexAssociation" directorySegmentName="seg_0" id="11A83197-8A0A-C3F9-6CA1-530F006EF697" containerWithKeyObject="791BBFA5-CEEC-BA91-560F-C56693DFFAA7" localFKIndex="5DA975F0-1ECF-2194-8794-CB337838ED98" name="Production_Versio_FK">
<createdBy>bguillaumin</createdBy>
<createdTime>2017-04-20 11:34:35 UTC</createdTime>
<generatorID>E6AF8BDA-9532-D282-043D-120B9AF275D5</generatorID>
<ownerDesignName>JobOverview</ownerDesignName>
<deleteRule>NO ACTION</deleteRule>
<referredTableID>1D894095-D907-28C7-02CA-A552EB20BB9E</referredTableID>
<keyObject>73CC8F2F-100E-F029-9A6D-8FCE2C0C6B80</keyObject>
<referredKeyID>73CC8F2F-100E-F029-9A6D-8FCE2C0C6B80</referredKeyID>
<mandatory>true</mandatory>
<transferable>true</transferable>
<rely>false</rely>
<columnDependencyConstraintGenerateInDDL>true</columnDependencyConstraintGenerateInDDL>
</FKIndexAssociation>