<?xml version = '1.0' encoding = 'UTF-8'?>
<FKIndexAssociation class="oracle.dbtools.crest.model.design.relational.FKIndexAssociation" directorySegmentName="seg_0" id="15C0D428-CDBD-73B0-6492-0665656181F0" containerWithKeyObject="F8E7875C-A675-76A9-F43C-C45405A440C8" localFKIndex="4912B258-7E76-1641-88E6-632DF1AA888D" name="Personne_Métier_FK">
<createdBy>bguillaumin</createdBy>
<createdTime>2017-04-20 14:39:16 UTC</createdTime>
<generatorID>9851F69C-D09B-B400-6D32-64BD7B898238</generatorID>
<ownerDesignName>JobOverview</ownerDesignName>
<deleteRule>NO ACTION</deleteRule>
<referredTableID>30A4120D-D11F-F261-8F2B-26E84E1D2C6D</referredTableID>
<keyObject>727FA199-B9F0-334F-4CAA-6C6CEC901B0F</keyObject>
<referredKeyID>727FA199-B9F0-334F-4CAA-6C6CEC901B0F</referredKeyID>
<mandatory>true</mandatory>
<transferable>true</transferable>
<rely>false</rely>
<columnDependencyConstraintGenerateInDDL>true</columnDependencyConstraintGenerateInDDL>
</FKIndexAssociation>