<?xml version = '1.0' encoding = 'UTF-8'?>
<FKIndexAssociation class="oracle.dbtools.crest.model.design.relational.FKIndexAssociation" directorySegmentName="seg_0" id="1D70A06F-A654-06E5-842C-E1D65980B1F2" containerWithKeyObject="3DB4F304-0CC4-EC05-D265-28AF50357F44" localFKIndex="E77E74F3-BAD7-EC5E-5AEB-AA5736E5C04A" name="TempsPasse_Tache_FK">
<createdBy>bguillaumin</createdBy>
<createdTime>2017-04-20 14:39:16 UTC</createdTime>
<generatorID>7E3876AB-A982-6AB5-6A52-C878E3BA8512</generatorID>
<ownerDesignName>JobOverview</ownerDesignName>
<deleteRule>NO ACTION</deleteRule>
<referredTableID>B36F3C9E-050E-91C5-4735-50543F46DFB3</referredTableID>
<keyObject>FAFACC9C-888E-5A1C-BA7D-901BCE2B853E</keyObject>
<referredKeyID>FAFACC9C-888E-5A1C-BA7D-901BCE2B853E</referredKeyID>
<mandatory>true</mandatory>
<transferable>true</transferable>
<rely>false</rely>
<columnDependencyConstraintGenerateInDDL>true</columnDependencyConstraintGenerateInDDL>
</FKIndexAssociation>