<?xml version = '1.0' encoding = 'UTF-8'?>
<FKIndexAssociation class="oracle.dbtools.crest.model.design.relational.FKIndexAssociation" directorySegmentName="seg_0" id="2466FB55-F87E-C286-952A-11E6E164DAEF" containerWithKeyObject="52A62236-395D-ADFF-3BA8-CBE7F9AF77C6" localFKIndex="9CD59EFD-49D0-EF99-F314-CEE8677ED176" name="Releas_Versio_FK">
<createdBy>bguillaumin</createdBy>
<createdTime>2017-04-20 11:34:35 UTC</createdTime>
<generatorID>88D5F68C-7F1A-27F3-B66F-AB79A79A69A3</generatorID>
<ownerDesignName>JobOverview</ownerDesignName>
<deleteRule>NO ACTION</deleteRule>
<referredTableID>1D894095-D907-28C7-02CA-A552EB20BB9E</referredTableID>
<keyObject>73CC8F2F-100E-F029-9A6D-8FCE2C0C6B80</keyObject>
<referredKeyID>73CC8F2F-100E-F029-9A6D-8FCE2C0C6B80</referredKeyID>
<mandatory>true</mandatory>
<transferable>true</transferable>
<rely>false</rely>
<columnDependencyConstraintGenerateInDDL>true</columnDependencyConstraintGenerateInDDL>
</FKIndexAssociation>