<?xml version = '1.0' encoding = 'UTF-8'?>
<FKIndexAssociation class="oracle.dbtools.crest.model.design.relational.FKIndexAssociation" directorySegmentName="seg_0" id="3A3D1848-6947-C9BA-BCFF-6CA5B7F219DF" containerWithKeyObject="C8A1A711-B8F7-2133-E591-FB303AD8C58E" localFKIndex="8C483245-2DF7-E3EF-0F6B-F2E1FC2B9777" name="Annexe_ActiviteAnnexe_FK">
<createdBy>bguillaumin</createdBy>
<createdTime>2017-04-20 13:12:12 UTC</createdTime>
<generatorID>984B7D40-EC3B-C4FF-9AE6-37292D997E37</generatorID>
<ownerDesignName>JobOverview</ownerDesignName>
<deleteRule>NO ACTION</deleteRule>
<referredTableID>878AF83A-F408-22FD-310B-26252B874D06</referredTableID>
<keyObject>B219AE47-3737-2F18-9515-FBB843DA28AE</keyObject>
<referredKeyID>B219AE47-3737-2F18-9515-FBB843DA28AE</referredKeyID>
<mandatory>true</mandatory>
<transferable>true</transferable>
<rely>false</rely>
<columnDependencyConstraintGenerateInDDL>true</columnDependencyConstraintGenerateInDDL>
</FKIndexAssociation>