<?xml version = '1.0' encoding = 'UTF-8'?>
<FKIndexAssociation class="oracle.dbtools.crest.model.design.relational.FKIndexAssociation" directorySegmentName="seg_0" id="4E8A4AA6-D45F-BA31-6D6F-FC2BA38C60F4" containerWithKeyObject="791BBFA5-CEEC-BA91-560F-C56693DFFAA7" localFKIndex="F63D69AD-D49F-E9C6-D7CA-702AB6C8C52C" name="Production_Module_FK">
<createdBy>bguillaumin</createdBy>
<createdTime>2017-04-20 14:39:16 UTC</createdTime>
<generatorID>6D214272-272E-E5DE-B437-23528965A1B4</generatorID>
<ownerDesignName>JobOverview</ownerDesignName>
<deleteRule>NO ACTION</deleteRule>
<referredTableID>47A5CF3D-35DD-5A7E-C75E-447DAC0626B5</referredTableID>
<keyObject>27086559-AE7C-E7B1-4F0F-2E7DC13C9C3A</keyObject>
<referredKeyID>27086559-AE7C-E7B1-4F0F-2E7DC13C9C3A</referredKeyID>
<mandatory>true</mandatory>
<transferable>true</transferable>
<rely>false</rely>
<columnDependencyConstraintGenerateInDDL>true</columnDependencyConstraintGenerateInDDL>
</FKIndexAssociation>