<?xml version = '1.0' encoding = 'UTF-8'?>
<FKIndexAssociation class="oracle.dbtools.crest.model.design.relational.FKIndexAssociation" directorySegmentName="seg_0" id="53EF834E-6ED8-DD77-05A6-BDDBB5ADF183" containerWithKeyObject="A86EE298-F400-CCD9-F925-7AC41951BECB" localFKIndex="AE58C2BF-8521-7095-0168-196D8921DC5D" name="FK_ASS_40">
<createdBy>bguillaumin</createdBy>
<createdTime>2017-04-20 14:39:16 UTC</createdTime>
<generatorID>F43120B4-4C88-365B-EAFF-27F34C147743</generatorID>
<ownerDesignName>JobOverview</ownerDesignName>
<deleteRule>NO ACTION</deleteRule>
<referredTableID>F8E7875C-A675-76A9-F43C-C45405A440C8</referredTableID>
<keyObject>1972AB21-0B9A-1AD1-B8FC-29D17CBD7568</keyObject>
<referredKeyID>1972AB21-0B9A-1AD1-B8FC-29D17CBD7568</referredKeyID>
<mandatory>true</mandatory>
<transferable>true</transferable>
<rely>false</rely>
<columnDependencyConstraintGenerateInDDL>true</columnDependencyConstraintGenerateInDDL>
</FKIndexAssociation>