<?xml version = '1.0' encoding = 'UTF-8'?>
<FKIndexAssociation class="oracle.dbtools.crest.model.design.relational.FKIndexAssociation" directorySegmentName="seg_0" id="723E45A6-EC52-17D0-55B9-4147D9771F15" containerWithKeyObject="A86EE298-F400-CCD9-F925-7AC41951BECB" localFKIndex="3178B7F0-FB0B-F8AA-CD84-D24DBEC393AA" name="FK_ASS_7">
<createdBy>bguillaumin</createdBy>
<createdTime>2017-04-20 11:34:35 UTC</createdTime>
<generatorID>F43120B4-4C88-365B-EAFF-27F34C147743</generatorID>
<ownerDesignName>JobOverview</ownerDesignName>
<deleteRule>NO ACTION</deleteRule>
<referredTableID>2965416C-EAD4-2AB5-DCCE-A5143652146E</referredTableID>
<keyObject>2747404B-0D55-1AB7-F8E9-6C63FB168DF8</keyObject>
<referredKeyID>2747404B-0D55-1AB7-F8E9-6C63FB168DF8</referredKeyID>
<mandatory>true</mandatory>
<transferable>true</transferable>
<rely>false</rely>
<columnDependencyConstraintGenerateInDDL>true</columnDependencyConstraintGenerateInDDL>
</FKIndexAssociation>