<?xml version = '1.0' encoding = 'UTF-8'?>
<FKIndexAssociation class="oracle.dbtools.crest.model.design.relational.FKIndexAssociation" directorySegmentName="seg_0" id="78D27A25-FDB2-FC45-D15A-143B6FB17335" containerWithKeyObject="F8E7875C-A675-76A9-F43C-C45405A440C8" localFKIndex="6325F92D-CF11-6359-1B8E-EFD94B88B044" name="Personne_Personne_FK">
<createdBy>bguillaumin</createdBy>
<createdTime>2017-04-20 14:39:16 UTC</createdTime>
<generatorID>C818B00F-7323-A815-751C-E383A6371A38</generatorID>
<ownerDesignName>JobOverview</ownerDesignName>
<deleteRule>NO ACTION</deleteRule>
<referredTableID>F8E7875C-A675-76A9-F43C-C45405A440C8</referredTableID>
<keyObject>1972AB21-0B9A-1AD1-B8FC-29D17CBD7568</keyObject>
<referredKeyID>1972AB21-0B9A-1AD1-B8FC-29D17CBD7568</referredKeyID>
<mandatory>false</mandatory>
<transferable>true</transferable>
<rely>false</rely>
<columnDependencyConstraintGenerateInDDL>true</columnDependencyConstraintGenerateInDDL>
</FKIndexAssociation>