<?xml version = '1.0' encoding = 'UTF-8'?>
<FKIndexAssociation class="oracle.dbtools.crest.model.design.relational.FKIndexAssociation" directorySegmentName="seg_0" id="820B523D-3B65-1852-97B1-7B42D7BDD306" containerWithKeyObject="2965416C-EAD4-2AB5-DCCE-A5143652146E" localFKIndex="C9226150-A255-2173-054B-D21318B14377" name="Equipe_Servic_FK">
<createdBy>bguillaumin</createdBy>
<createdTime>2017-04-20 11:34:35 UTC</createdTime>
<generatorID>72BDE89F-A70A-F805-10DE-72F326845852</generatorID>
<ownerDesignName>JobOverview</ownerDesignName>
<deleteRule>NO ACTION</deleteRule>
<referredTableID>DBF784D1-5B33-4354-5995-F7BD6B23F4CE</referredTableID>
<keyObject>5508AC0D-0186-18E1-D9C5-7A8617325E48</keyObject>
<referredKeyID>5508AC0D-0186-18E1-D9C5-7A8617325E48</referredKeyID>
<mandatory>true</mandatory>
<transferable>true</transferable>
<rely>false</rely>
<columnDependencyConstraintGenerateInDDL>true</columnDependencyConstraintGenerateInDDL>
</FKIndexAssociation>