<?xml version = '1.0' encoding = 'UTF-8'?>
<FKIndexAssociation class="oracle.dbtools.crest.model.design.relational.FKIndexAssociation" directorySegmentName="seg_0" id="AE5619B9-62A3-639D-ABAF-91DEDBA9C4D4" containerWithKeyObject="3DB4F304-0CC4-EC05-D265-28AF50357F44" localFKIndex="A0442687-5C76-06C0-CBA9-F0BAE5684008" name="TempsPasse_Personne_FK">
<createdBy>bguillaumin</createdBy>
<createdTime>2017-04-20 14:39:16 UTC</createdTime>
<generatorID>CB18F797-8707-B4AC-347E-51C1DA3CD490</generatorID>
<ownerDesignName>JobOverview</ownerDesignName>
<deleteRule>NO ACTION</deleteRule>
<referredTableID>F8E7875C-A675-76A9-F43C-C45405A440C8</referredTableID>
<keyObject>1972AB21-0B9A-1AD1-B8FC-29D17CBD7568</keyObject>
<referredKeyID>1972AB21-0B9A-1AD1-B8FC-29D17CBD7568</referredKeyID>
<mandatory>true</mandatory>
<transferable>true</transferable>
<rely>false</rely>
<columnDependencyConstraintGenerateInDDL>true</columnDependencyConstraintGenerateInDDL>
</FKIndexAssociation>