<?xml version = '1.0' encoding = 'UTF-8'?>
<FKIndexAssociation class="oracle.dbtools.crest.model.design.relational.FKIndexAssociation" directorySegmentName="seg_0" id="B3924388-8A60-7E5C-E5DB-BC725797E00C" containerWithKeyObject="01F6F2BE-3F32-D181-3C89-E3AD8FC95540" localFKIndex="8554468E-A763-B8B1-8B44-999D16FE38CC" name="FK_ASS_6">
<createdBy>bguillaumin</createdBy>
<createdTime>2017-04-20 11:34:35 UTC</createdTime>
<generatorID>458D6BA1-85FB-0771-0918-94480535D049</generatorID>
<ownerDesignName>JobOverview</ownerDesignName>
<deleteRule>NO ACTION</deleteRule>
<referredTableID>423D7986-FB52-4D58-E2FC-2BD6B68C210F</referredTableID>
<keyObject>02803FE6-8F3E-DCA5-6A7A-EB32086AB2BC</keyObject>
<referredKeyID>02803FE6-8F3E-DCA5-6A7A-EB32086AB2BC</referredKeyID>
<mandatory>true</mandatory>
<transferable>true</transferable>
<rely>false</rely>
<columnDependencyConstraintGenerateInDDL>true</columnDependencyConstraintGenerateInDDL>
</FKIndexAssociation>