<?xml version = '1.0' encoding = 'UTF-8'?>
<FKIndexAssociation class="oracle.dbtools.crest.model.design.relational.FKIndexAssociation" directorySegmentName="seg_0" id="B848BD13-3A4D-E857-98A2-B461EFC78589" containerWithKeyObject="47A5CF3D-35DD-5A7E-C75E-447DAC0626B5" localFKIndex="C88E5CC3-39F8-02CD-18EE-586938C35476" name="Module_Logiciel_FK">
<createdBy>bguillaumin</createdBy>
<createdTime>2017-04-20 11:34:35 UTC</createdTime>
<generatorID>7A6A15E2-E89A-F599-85A5-E08D526EE2EF</generatorID>
<ownerDesignName>JobOverview</ownerDesignName>
<deleteRule>NO ACTION</deleteRule>
<referredTableID>233CF409-7260-6D6C-59ED-FB4237B6931C</referredTableID>
<keyObject>C820FB17-8AA8-22DC-F9E9-84655A4B140A</keyObject>
<referredKeyID>C820FB17-8AA8-22DC-F9E9-84655A4B140A</referredKeyID>
<mandatory>true</mandatory>
<transferable>true</transferable>
<rely>false</rely>
<columnDependencyConstraintGenerateInDDL>true</columnDependencyConstraintGenerateInDDL>
</FKIndexAssociation>