<?xml version = '1.0' encoding = 'UTF-8'?>
<FKIndexAssociation class="oracle.dbtools.crest.model.design.relational.FKIndexAssociation" directorySegmentName="seg_0" id="BD58E83F-0699-3771-241B-DAFE1B103488" containerWithKeyObject="791BBFA5-CEEC-BA91-560F-C56693DFFAA7" localFKIndex="BB06EE93-87A9-D6F2-B191-8A56E3453F79" name="Production_Activite_FK">
<createdBy>bguillaumin</createdBy>
<createdTime>2017-04-20 11:34:35 UTC</createdTime>
<generatorID>2E4C68CF-D279-743B-DC23-10798FF03985</generatorID>
<ownerDesignName>JobOverview</ownerDesignName>
<deleteRule>NO ACTION</deleteRule>
<referredTableID>423D7986-FB52-4D58-E2FC-2BD6B68C210F</referredTableID>
<keyObject>02803FE6-8F3E-DCA5-6A7A-EB32086AB2BC</keyObject>
<referredKeyID>02803FE6-8F3E-DCA5-6A7A-EB32086AB2BC</referredKeyID>
<mandatory>true</mandatory>
<transferable>true</transferable>
<rely>false</rely>
<columnDependencyConstraintGenerateInDDL>true</columnDependencyConstraintGenerateInDDL>
</FKIndexAssociation>