<?xml version = '1.0' encoding = 'UTF-8'?>
<FKIndexAssociation class="oracle.dbtools.crest.model.design.relational.FKIndexAssociation" directorySegmentName="seg_0" id="BF71E6CB-3026-FDE4-1F51-375C02EB07CE" containerWithKeyObject="47A5CF3D-35DD-5A7E-C75E-447DAC0626B5" localFKIndex="7F1D6E45-E2D9-5E92-D37A-9AEFA80734A8" name="Module_Module_FK">
<createdBy>bguillaumin</createdBy>
<createdTime>2017-04-20 11:34:35 UTC</createdTime>
<generatorID>AB4C3983-1AFC-E3C3-D89A-51068458DCA0</generatorID>
<ownerDesignName>JobOverview</ownerDesignName>
<deleteRule>NO ACTION</deleteRule>
<referredTableID>47A5CF3D-35DD-5A7E-C75E-447DAC0626B5</referredTableID>
<keyObject>27086559-AE7C-E7B1-4F0F-2E7DC13C9C3A</keyObject>
<referredKeyID>27086559-AE7C-E7B1-4F0F-2E7DC13C9C3A</referredKeyID>
<mandatory>false</mandatory>
<transferable>true</transferable>
<rely>false</rely>
<columnDependencyConstraintGenerateInDDL>true</columnDependencyConstraintGenerateInDDL>
</FKIndexAssociation>