<?xml version = '1.0' encoding = 'UTF-8'?>
<FKIndexAssociation class="oracle.dbtools.crest.model.design.relational.FKIndexAssociation" directorySegmentName="seg_0" id="EAC8E988-F18C-0273-DE49-48617D166D56" containerWithKeyObject="2965416C-EAD4-2AB5-DCCE-A5143652146E" localFKIndex="9B0CDAC4-D41A-B561-C006-817BEF33B9F8" name="Equipe_Filière_FK">
<createdBy>bguillaumin</createdBy>
<createdTime>2017-04-20 11:34:35 UTC</createdTime>
<generatorID>2077A2B8-569F-A925-56F1-6882303866E6</generatorID>
<ownerDesignName>JobOverview</ownerDesignName>
<deleteRule>NO ACTION</deleteRule>
<referredTableID>D1E83526-20B7-5D80-DB87-D848B345E9B9</referredTableID>
<keyObject>0BAA9AFE-61DD-26AA-AEA2-713AD319260A</keyObject>
<referredKeyID>0BAA9AFE-61DD-26AA-AEA2-713AD319260A</referredKeyID>
<mandatory>true</mandatory>
<transferable>true</transferable>
<rely>false</rely>
<columnDependencyConstraintGenerateInDDL>true</columnDependencyConstraintGenerateInDDL>
</FKIndexAssociation>