<?xml version = '1.0' encoding = 'UTF-8'?>
<FKIndexAssociation class="oracle.dbtools.crest.model.design.relational.FKIndexAssociation" directorySegmentName="seg_0" id="ECCC4632-8090-DF49-226F-E5D755D48813" containerWithKeyObject="C8A1A711-B8F7-2133-E591-FB303AD8C58E" localFKIndex="CD8DB609-D24A-244B-F157-4CBA039D9472" name="Annexe_Tache_FK">
<createdBy>bguillaumin</createdBy>
<createdTime>2017-04-20 14:39:16 UTC</createdTime>
<generatorID>BA8DB557-58DB-99BE-9E50-E37A06959942</generatorID>
<ownerDesignName>JobOverview</ownerDesignName>
<arc>E220DE61-47D7-40D8-9CCC-F9E2772A2263</arc>
<deleteRule>NO ACTION</deleteRule>
<referredTableID>B36F3C9E-050E-91C5-4735-50543F46DFB3</referredTableID>
<keyObject>FAFACC9C-888E-5A1C-BA7D-901BCE2B853E</keyObject>
<referredKeyID>FAFACC9C-888E-5A1C-BA7D-901BCE2B853E</referredKeyID>
<mandatory>true</mandatory>
<transferable>true</transferable>
<rely>false</rely>
<columnDependencyConstraintGenerateInDDL>true</columnDependencyConstraintGenerateInDDL>
</FKIndexAssociation>