<?xml version = '1.0' encoding = 'UTF-8'?>
<FKIndexAssociation class="oracle.dbtools.crest.model.design.relational.FKIndexAssociation" directorySegmentName="seg_0" id="EFAB657E-D005-685B-4B8E-D5FB2706D5B1" containerWithKeyObject="1D894095-D907-28C7-02CA-A552EB20BB9E" localFKIndex="5699E4E9-A356-F32F-6204-C1436616CE0C" name="Versio_Logiciel_FK">
<createdBy>bguillaumin</createdBy>
<createdTime>2017-04-20 11:34:35 UTC</createdTime>
<generatorID>65138EB3-FC10-95D9-BBFD-FADE7FCF7BC9</generatorID>
<ownerDesignName>JobOverview</ownerDesignName>
<deleteRule>NO ACTION</deleteRule>
<referredTableID>233CF409-7260-6D6C-59ED-FB4237B6931C</referredTableID>
<keyObject>C820FB17-8AA8-22DC-F9E9-84655A4B140A</keyObject>
<referredKeyID>C820FB17-8AA8-22DC-F9E9-84655A4B140A</referredKeyID>
<mandatory>true</mandatory>
<transferable>true</transferable>
<rely>false</rely>
<columnDependencyConstraintGenerateInDDL>true</columnDependencyConstraintGenerateInDDL>
</FKIndexAssociation>