<?xml version = '1.0' encoding = 'UTF-8'?>
<FKIndexAssociation class="oracle.dbtools.crest.model.design.relational.FKIndexAssociation" directorySegmentName="seg_0" id="F5982DF7-0B33-EC30-C544-8AAF7775F3F9" containerWithKeyObject="01F6F2BE-3F32-D181-3C89-E3AD8FC95540" localFKIndex="FFA6B3FC-772E-3A1A-961D-DF13CBEBC90A" name="FK_ASS_5">
<createdBy>bguillaumin</createdBy>
<createdTime>2017-04-20 11:34:35 UTC</createdTime>
<generatorID>458D6BA1-85FB-0771-0918-94480535D049</generatorID>
<ownerDesignName>JobOverview</ownerDesignName>
<deleteRule>NO ACTION</deleteRule>
<referredTableID>30A4120D-D11F-F261-8F2B-26E84E1D2C6D</referredTableID>
<keyObject>727FA199-B9F0-334F-4CAA-6C6CEC901B0F</keyObject>
<referredKeyID>727FA199-B9F0-334F-4CAA-6C6CEC901B0F</referredKeyID>
<mandatory>true</mandatory>
<transferable>true</transferable>
<rely>false</rely>
<columnDependencyConstraintGenerateInDDL>true</columnDependencyConstraintGenerateInDDL>
</FKIndexAssociation>