<?xml version = '1.0' encoding = 'UTF-8'?>
<FKIndexAssociation class="oracle.dbtools.crest.model.design.relational.FKIndexAssociation" directorySegmentName="seg_0" id="F6399B54-1E9B-2E3D-B547-97959205DBCC" containerWithKeyObject="791BBFA5-CEEC-BA91-560F-C56693DFFAA7" localFKIndex="89F687A1-FDF7-3B75-159E-01C712B9F367" name="Production_Tache_FK">
<createdBy>bguillaumin</createdBy>
<createdTime>2017-04-20 14:39:16 UTC</createdTime>
<generatorID>A595C78F-1A04-EC58-0B17-610F6BA546D6</generatorID>
<ownerDesignName>JobOverview</ownerDesignName>
<arc>E220DE61-47D7-40D8-9CCC-F9E2772A2263</arc>
<deleteRule>NO ACTION</deleteRule>
<referredTableID>B36F3C9E-050E-91C5-4735-50543F46DFB3</referredTableID>
<keyObject>FAFACC9C-888E-5A1C-BA7D-901BCE2B853E</keyObject>
<referredKeyID>FAFACC9C-888E-5A1C-BA7D-901BCE2B853E</referredKeyID>
<mandatory>true</mandatory>
<transferable>true</transferable>
<rely>false</rely>
<columnDependencyConstraintGenerateInDDL>true</columnDependencyConstraintGenerateInDDL>
</FKIndexAssociation>