<?xml version = '1.0' encoding = 'UTF-8'?>
<Diagram class="oracle.dbtools.crest.swingui.logical.DPVLogical" name="Logical" id="059A7F3C-E3AA-6E30-BC58-2BFAED25BCBD">
<createdBy>MGOLLAIN, BGUILLAUMIN</createdBy>
<modifiedBy>MGOLLAIN, BGUILLAUMIN</modifiedBy>
<createdTime>2017-04-20 07:23:28 UTC</createdTime>
<autoRoute>false</autoRoute>
<boxInbox>false</boxInbox>
<showLegend>true</showLegend>
<showLabels>true</showLabels>
<showRelAttributes>true</showRelAttributes>
<gridEnabled>false</gridEnabled>
<showGrid>false</showGrid>
<diagramColor>-1</diagramColor>
<legendPosX>761</legendPosX>
<legendPosY>377</legendPosY>
<display>false</display>
<notation>1</notation>
<objectViews>
<OView class="oracle.dbtools.crest.swingui.logical.TVEntity" oid="07260BCC-A3EF-8F75-A002-C70F41EECABD" otype="Entity" vid="92C983DA-078A-FCC3-2713-D87FA1855380">
<hideElementsInCurrentOnly>false</hideElementsInCurrentOnly>
<bounds x="431" y="270" width="174" height="127"/>
</OView>
<OView class="oracle.dbtools.crest.swingui.logical.TVEntity" oid="0F59BCED-E849-92BD-74F4-1FA89DBD0EE1" otype="Entity" vid="E4C8144C-8A89-710E-7ABB-4B3CD135BD30">
<hideElementsInCurrentOnly>false</hideElementsInCurrentOnly>
<bounds x="564" y="61" width="94" height="69"/>
</OView>
<OView class="oracle.dbtools.crest.swingui.logical.TVEntity" oid="1256BB18-E0A3-A827-EA6B-32AF00BA2E0D" otype="Entity" vid="F5FB0DAF-221A-8530-5EB1-ADFE0A7A194D">
<hideElementsInCurrentOnly>false</hideElementsInCurrentOnly>
<bounds x="219" y="167" width="138" height="114"/>
</OView>
<OView class="oracle.dbtools.crest.swingui.logical.TVEntity" oid="16B16A31-B119-316A-1C77-245E98489108" otype="Entity" vid="DDE48684-DF19-1939-7C0B-133EF9D5228A">
<hideElementsInCurrentOnly>false</hideElementsInCurrentOnly>
<bounds x="325" y="75" width="90" height="55"/>
</OView>
<OView class="oracle.dbtools.crest.swingui.logical.TVEntity" oid="2ADA5018-6F3B-33A8-BB14-6844587F7EDA" otype="Entity" vid="2784AEA4-93F9-7B17-D79D-C44A18421FF9">
<hideElementsInCurrentOnly>false</hideElementsInCurrentOnly>
<bounds x="87" y="164" width="90" height="55"/>
</OView>
<OView class="oracle.dbtools.crest.swingui.TVNote" oid="38B5E929-8175-C79E-D9FE-50B363255622" otype="Note" vid="97E7A096-55CB-B79D-D637-64A1A181DA9F">
<hideElementsInCurrentOnly>false</hideElementsInCurrentOnly>
<bounds x="706" y="220" width="202" height="77"/>
<useCustomFormat>true</useCustomFormat>
<useDefaultColor>false</useDefaultColor>
<backgroundColor>-1</backgroundColor>
<foregroundColor>-16777216</foregroundColor>
<comment>TempsPassé représente les attributs de la relation entre Personne et Tache. Pour les taches qui durent plus d&apos;une journée on déclare le jour en clé primaire et la clé étrangère IdTache</comment>
<fonts itemClass="oracle.dbtools.crest.model.design.FontObjectWr">
<FontObject>
<foType>Titre</foType>
<colorRGB>-16777216</colorRGB>
</FontObject>
</fonts>
</OView>
<OView class="oracle.dbtools.crest.swingui.TVLegend" oid="437CCC0C-C392-070E-CF23-C521DDE91BE4" otype="Legend" vid="DF7940A7-EA37-58B8-F520-28C419C3BE14">
<hideElementsInCurrentOnly>false</hideElementsInCurrentOnly>
<bounds x="761" y="377" width="232" height="135"/>
</OView>
<OView class="oracle.dbtools.crest.swingui.logical.TVEntity" oid="439504C5-31D3-6140-4A80-8F9EF79A2B66" otype="Entity" vid="E15C1DE1-85C8-4B6F-5202-95DAC1143473">
<hideElementsInCurrentOnly>false</hideElementsInCurrentOnly>
<bounds x="559" y="171" width="110" height="71"/>
</OView>
<OView class="oracle.dbtools.crest.swingui.logical.TVEntity" oid="4F560065-5E0F-DB07-E2F3-FDB40CBF6E30" otype="Entity" vid="D78EEE1B-01F1-B91B-CF14-A20B954463FC">
<hideElementsInCurrentOnly>false</hideElementsInCurrentOnly>
<bounds x="796" y="61" width="90" height="55"/>
</OView>
<OView class="oracle.dbtools.crest.swingui.logical.TVEntity" oid="5726BCBB-6E92-62C7-9B9F-DEF98FFB4402" otype="Entity" vid="5227A927-A334-6CE7-2CFB-AF8868550C84">
<hideElementsInCurrentOnly>false</hideElementsInCurrentOnly>
<bounds x="849" y="310" width="110" height="48"/>
</OView>
<OView class="oracle.dbtools.crest.swingui.logical.TVEntity" oid="6131A520-BC3D-18B0-81C9-F34672027533" otype="Entity" vid="23B26F0D-DC2C-5984-A088-EEF139EA5D40">
<hideElementsInCurrentOnly>false</hideElementsInCurrentOnly>
<bounds x="731" y="164" width="98" height="54"/>
</OView>
<OView class="oracle.dbtools.crest.swingui.logical.TVEntity" oid="69D37256-2517-D8B2-06E4-8E56183A3AD5" otype="Entity" vid="70879697-A3DA-B7AC-9945-E633F289EFCC">
<hideElementsInCurrentOnly>false</hideElementsInCurrentOnly>
<bounds x="928" y="164" width="90" height="62"/>
</OView>
<OView class="oracle.dbtools.crest.swingui.logical.TVEntity" oid="6CD95A72-1E8F-C722-77AD-E6385C26239F" otype="Entity" vid="8CAABC8F-3338-FFAE-5B29-7A7746394AB5">
<hideElementsInCurrentOnly>false</hideElementsInCurrentOnly>
<bounds x="100" y="70" width="90" height="54"/>
</OView>
<OView class="oracle.dbtools.crest.swingui.TVNote" oid="77625DB7-5218-2D75-8FC0-5B49630B336B" otype="Note" vid="11331530-4EA0-9FD5-C255-3E8853F52AF0">
<hideElementsInCurrentOnly>false</hideElementsInCurrentOnly>
<bounds x="774" y="11" width="243" height="48"/>
<useCustomFormat>true</useCustomFormat>
<useDefaultColor>false</useDefaultColor>
<backgroundColor>-1</backgroundColor>
<foregroundColor>-16777216</foregroundColor>
<comment>Le côté falcultatif de la relation Métier/Activité est arbitraire (impossibilité de mettre des  relations non facultatives des deux côtés).</comment>
<fonts itemClass="oracle.dbtools.crest.model.design.FontObjectWr">
<FontObject>
<foType>Titre</foType>
<colorRGB>-16777216</colorRGB>
</FontObject>
</fonts>
</OView>
<OView class="oracle.dbtools.crest.swingui.logical.TVEntity" oid="90B5F4A4-E63C-1EAA-BB8B-8455687E2EB2" otype="Entity" vid="F42F988A-CF46-12C9-2CA4-C5DAE481F04C">
<hideElementsInCurrentOnly>false</hideElementsInCurrentOnly>
<bounds x="405" y="150" width="90" height="57"/>
</OView>
<OView class="oracle.dbtools.crest.swingui.logical.TVEntity" oid="9D549DF2-B91A-5EE8-0E70-8FB500AE93D4" otype="Entity" vid="E8D7546D-6D30-C4BA-DA67-E1BDA910D78A">
<hideElementsInCurrentOnly>false</hideElementsInCurrentOnly>
<bounds x="81" y="354" width="91" height="56"/>
</OView>
<OView class="oracle.dbtools.crest.swingui.TVNote" oid="9F920261-9B2C-1931-E120-1D772334FD83" otype="Note" vid="DA78C825-B436-D578-8CC2-7647F10FAB50">
<hideElementsInCurrentOnly>false</hideElementsInCurrentOnly>
<bounds x="10" y="7" width="399" height="40"/>
<useCustomFormat>true</useCustomFormat>
<useDefaultColor>false</useDefaultColor>
<backgroundColor>-1</backgroundColor>
<foregroundColor>-16777216</foregroundColor>
<comment>MCD Description du système d&apos;information&lt;br/&gt;</comment>
<fonts itemClass="oracle.dbtools.crest.model.design.FontObjectWr">
<FontObject>
<foType>Titre</foType>
<fontSize>20</fontSize>
<colorRGB>-16777216</colorRGB>
</FontObject>
</fonts>
</OView>
<OView class="oracle.dbtools.crest.swingui.logical.TVEntity" oid="B983772C-1F97-B711-74A8-64F5EA95DB91" otype="Entity" vid="62FC2A95-3E33-2B14-BCE7-F42583993D82">
<hideElementsInCurrentOnly>false</hideElementsInCurrentOnly>
<bounds x="229" y="305" width="123" height="64"/>
</OView>
<OView class="oracle.dbtools.crest.swingui.logical.TVEntity" oid="DD0A4DEA-A50A-134F-A103-7C8984150C7B" otype="Entity" vid="FCD98C54-514F-6728-A022-E48631D783AD">
<hideElementsInCurrentOnly>false</hideElementsInCurrentOnly>
<bounds x="651" y="308" width="72" height="44"/>
</OView>
</objectViews>
<connectors>
<Connector class="oracle.dbtools.crest.swingui.logical.TVRelation" oid="2077A2B8-569F-A925-56F1-6882303866E6" otype="Relation" vid_source="8CAABC8F-3338-FFAE-5B29-7A7746394AB5" vid_target="DDE48684-DF19-1939-7C0B-133EF9D5228A">
<hideElementsInCurrentOnly>false</hideElementsInCurrentOnly>
<lineWidth>1</lineWidth>
<points>
<point x="190" y="99"/>
<point x="325" y="99"/>
</points>
</Connector>
<Connector class="oracle.dbtools.crest.swingui.logical.TVRelation" oid="2E4C68CF-D279-743B-DC23-10798FF03985" otype="Relation" vid_source="70879697-A3DA-B7AC-9945-E633F289EFCC" vid_target="92C983DA-078A-FCC3-2713-D87FA1855380">
<hideElementsInCurrentOnly>false</hideElementsInCurrentOnly>
<lineWidth>1</lineWidth>
<points>
<point x="976" y="226"/>
<point x="976" y="365"/>
<point x="605" y="365"/>
</points>
</Connector>
<Connector class="oracle.dbtools.crest.swingui.logical.TVRelation" oid="42689580-95E9-4696-E73F-27298220B00B" otype="Relation" vid_source="8CAABC8F-3338-FFAE-5B29-7A7746394AB5" vid_target="2784AEA4-93F9-7B17-D79D-C44A18421FF9">
<hideElementsInCurrentOnly>false</hideElementsInCurrentOnly>
<lineWidth>1</lineWidth>
<points>
<point x="138" y="124"/>
<point x="138" y="164"/>
</points>
</Connector>
<Connector class="oracle.dbtools.crest.swingui.logical.TVRelation" oid="458D6BA1-85FB-0771-0918-94480535D049" otype="Relation" vid_source="D78EEE1B-01F1-B91B-CF14-A20B954463FC" vid_target="70879697-A3DA-B7AC-9945-E633F289EFCC">
<hideElementsInCurrentOnly>false</hideElementsInCurrentOnly>
<lineWidth>1</lineWidth>
<sourceLabel class="oracle.dbtools.crest.model.design.Label">
<site>0</site>
<labelBounds x="908" y="95" width="74" height="18"/>
<fonts itemClass="oracle.dbtools.crest.model.design.FontObjectWr">
<FontObject>
<foType>Texte</foType>
<colorRGB>-16777216</colorRGB>
</FontObject>
</fonts>
</sourceLabel>
<points>
<point x="886" y="92"/>
<point x="975" y="92"/>
<point x="975" y="164"/>
</points>
</Connector>
<Connector class="oracle.dbtools.crest.swingui.logical.TVRelation" oid="65138EB3-FC10-95D9-BBFD-FADE7FCF7BC9" otype="Relation" vid_source="2784AEA4-93F9-7B17-D79D-C44A18421FF9" vid_target="F5FB0DAF-221A-8530-5EB1-ADFE0A7A194D">
<hideElementsInCurrentOnly>false</hideElementsInCurrentOnly>
<lineWidth>1</lineWidth>
<points>
<point x="177" y="203"/>
<point x="219" y="203"/>
</points>
</Connector>
<Connector class="oracle.dbtools.crest.swingui.logical.TVRelation" oid="6D214272-272E-E5DE-B437-23528965A1B4" otype="Relation" vid_source="92C983DA-078A-FCC3-2713-D87FA1855380" vid_target="E8D7546D-6D30-C4BA-DA67-E1BDA910D78A">
<hideElementsInCurrentOnly>false</hideElementsInCurrentOnly>
<lineWidth>1</lineWidth>
<points>
<point x="431" y="375"/>
<point x="172" y="375"/>
</points>
</Connector>
<Connector class="oracle.dbtools.crest.swingui.logical.TVRelation" oid="72BDE89F-A70A-F805-10DE-72F326845852" otype="Relation" vid_source="F42F988A-CF46-12C9-2CA4-C5DAE481F04C" vid_target="DDE48684-DF19-1939-7C0B-133EF9D5228A">
<hideElementsInCurrentOnly>false</hideElementsInCurrentOnly>
<lineWidth>1</lineWidth>
<points>
<point x="405" y="173"/>
<point x="386" y="173"/>
<point x="386" y="130"/>
</points>
</Connector>
<Connector class="oracle.dbtools.crest.swingui.logical.TVRelation" oid="7A6A15E2-E89A-F599-85A5-E08D526EE2EF" otype="Relation" vid_source="2784AEA4-93F9-7B17-D79D-C44A18421FF9" vid_target="E8D7546D-6D30-C4BA-DA67-E1BDA910D78A">
<hideElementsInCurrentOnly>false</hideElementsInCurrentOnly>
<lineWidth>1</lineWidth>
<points>
<point x="129" y="219"/>
<point x="129" y="354"/>
</points>
</Connector>
<Connector class="oracle.dbtools.crest.swingui.logical.TVRelation" oid="7E3876AB-A982-6AB5-6A52-C878E3BA8512" otype="Relation" vid_source="E15C1DE1-85C8-4B6F-5202-95DAC1143473" vid_target="23B26F0D-DC2C-5984-A088-EEF139EA5D40">
<hideElementsInCurrentOnly>false</hideElementsInCurrentOnly>
<lineWidth>1</lineWidth>
<points>
<point x="669" y="194"/>
<point x="731" y="194"/>
</points>
</Connector>
<Connector class="oracle.dbtools.crest.swingui.logical.TVRelation" oid="88D5F68C-7F1A-27F3-B66F-AB79A79A69A3" otype="Relation" vid_source="F5FB0DAF-221A-8530-5EB1-ADFE0A7A194D" vid_target="62FC2A95-3E33-2B14-BCE7-F42583993D82">
<hideElementsInCurrentOnly>false</hideElementsInCurrentOnly>
<lineWidth>1</lineWidth>
<points>
<point x="290" y="281"/>
<point x="289" y="305"/>
</points>
</Connector>
<Connector class="oracle.dbtools.crest.swingui.logical.TVRelation" oid="984B7D40-EC3B-C4FF-9AE6-37292D997E37" otype="Relation" vid_source="5227A927-A334-6CE7-2CFB-AF8868550C84" vid_target="FCD98C54-514F-6728-A022-E48631D783AD">
<hideElementsInCurrentOnly>false</hideElementsInCurrentOnly>
<lineWidth>1</lineWidth>
<points>
<point x="849" y="341"/>
<point x="723" y="341"/>
</points>
</Connector>
<Connector class="oracle.dbtools.crest.swingui.logical.TVRelation" oid="9851F69C-D09B-B400-6D32-64BD7B898238" otype="Relation" vid_source="D78EEE1B-01F1-B91B-CF14-A20B954463FC" vid_target="E4C8144C-8A89-710E-7ABB-4B3CD135BD30">
<hideElementsInCurrentOnly>false</hideElementsInCurrentOnly>
<lineWidth>1</lineWidth>
<points>
<point x="796" y="98"/>
<point x="658" y="98"/>
</points>
</Connector>
<Connector class="oracle.dbtools.crest.swingui.logical.TVInheritanceRelation" oid="A595C78F-1A04-EC58-0B17-610F6BA546D6" otype="Hierarchy relation" vid_source="E15C1DE1-85C8-4B6F-5202-95DAC1143473" vid_target="92C983DA-078A-FCC3-2713-D87FA1855380">
<hideElementsInCurrentOnly>false</hideElementsInCurrentOnly>
<lineWidth>1</lineWidth>
<points>
<point x="582" y="242"/>
<point x="582" y="270"/>
</points>
</Connector>
<Connector class="oracle.dbtools.crest.swingui.logical.TVRelation" oid="AB4C3983-1AFC-E3C3-D89A-51068458DCA0" otype="Relation" vid_source="E8D7546D-6D30-C4BA-DA67-E1BDA910D78A" vid_target="E8D7546D-6D30-C4BA-DA67-E1BDA910D78A">
<hideElementsInCurrentOnly>false</hideElementsInCurrentOnly>
<lineWidth>1</lineWidth>
<sourceLabel class="oracle.dbtools.crest.model.design.Label">
<site>0</site>
<labelBounds x="167" y="391" width="105" height="25"/>
<fonts itemClass="oracle.dbtools.crest.model.design.FontObjectWr">
<FontObject>
<foType>Texte</foType>
<colorRGB>-16777216</colorRGB>
</FontObject>
</fonts>
</sourceLabel>
<points>
<point x="172" y="388"/>
<point x="199" y="388"/>
<point x="198" y="435"/>
<point x="126" y="434"/>
<point x="126" y="410"/>
</points>
</Connector>
<Connector class="oracle.dbtools.crest.swingui.logical.TVInheritanceRelation" oid="BA8DB557-58DB-99BE-9E50-E37A06959942" otype="Hierarchy relation" vid_source="E15C1DE1-85C8-4B6F-5202-95DAC1143473" vid_target="FCD98C54-514F-6728-A022-E48631D783AD">
<hideElementsInCurrentOnly>false</hideElementsInCurrentOnly>
<lineWidth>1</lineWidth>
<points>
<point x="660" y="242"/>
<point x="660" y="308"/>
</points>
</Connector>
<Connector class="oracle.dbtools.crest.swingui.logical.TVRelation" oid="C818B00F-7323-A815-751C-E383A6371A38" otype="Relation" vid_source="E4C8144C-8A89-710E-7ABB-4B3CD135BD30" vid_target="E4C8144C-8A89-710E-7ABB-4B3CD135BD30">
<hideElementsInCurrentOnly>false</hideElementsInCurrentOnly>
<lineWidth>1</lineWidth>
<sourceLabel class="oracle.dbtools.crest.model.design.Label">
<site>0</site>
<labelBounds x="653" y="82" width="77" height="17"/>
<fonts itemClass="oracle.dbtools.crest.model.design.FontObjectWr">
<FontObject>
<foType>Texte</foType>
<colorRGB>-16777216</colorRGB>
</FontObject>
</fonts>
</sourceLabel>
<points>
<point x="658" y="79"/>
<point x="684" y="79"/>
<point x="685" y="38"/>
<point x="608" y="38"/>
<point x="608" y="61"/>
</points>
</Connector>
<Connector class="oracle.dbtools.crest.swingui.logical.TVRelation" oid="CB18F797-8707-B4AC-347E-51C1DA3CD490" otype="Relation" vid_source="E4C8144C-8A89-710E-7ABB-4B3CD135BD30" vid_target="23B26F0D-DC2C-5984-A088-EEF139EA5D40">
<hideElementsInCurrentOnly>false</hideElementsInCurrentOnly>
<lineWidth>1</lineWidth>
<points>
<point x="658" y="113"/>
<point x="784" y="113"/>
<point x="784" y="164"/>
</points>
</Connector>
<Connector class="oracle.dbtools.crest.swingui.logical.TVRelation" oid="E6AF8BDA-9532-D282-043D-120B9AF275D5" otype="Relation" vid_source="F5FB0DAF-221A-8530-5EB1-ADFE0A7A194D" vid_target="92C983DA-078A-FCC3-2713-D87FA1855380">
<hideElementsInCurrentOnly>false</hideElementsInCurrentOnly>
<lineWidth>1</lineWidth>
<points>
<point x="357" y="275"/>
<point x="431" y="275"/>
</points>
</Connector>
<Connector class="oracle.dbtools.crest.swingui.logical.TVRelation" oid="F43120B4-4C88-365B-EAFF-27F34C147743" otype="Relation" vid_source="DDE48684-DF19-1939-7C0B-133EF9D5228A" vid_target="E4C8144C-8A89-710E-7ABB-4B3CD135BD30">
<hideElementsInCurrentOnly>false</hideElementsInCurrentOnly>
<lineWidth>1</lineWidth>
<centerLabel class="oracle.dbtools.crest.model.design.Label">
<site>1</site>
<labelBounds x="0" y="0" width="74" height="40"/>
<fonts itemClass="oracle.dbtools.crest.model.design.FontObjectWr">
<FontObject>
<foType>Non NULL</foType>
<colorRGB>-65536</colorRGB>
</FontObject>
<FontObject>
<foType>Attribut</foType>
<colorRGB>-16777216</colorRGB>
</FontObject>
</fonts>
</centerLabel>
<sourceLabel class="oracle.dbtools.crest.model.design.Label">
<site>0</site>
<labelBounds x="441" y="105" width="64" height="23"/>
<fonts itemClass="oracle.dbtools.crest.model.design.FontObjectWr">
<FontObject>
<foType>Texte</foType>
<colorRGB>-16777216</colorRGB>
</FontObject>
</fonts>
</sourceLabel>
<points>
<point x="415" y="102"/>
<point x="564" y="102"/>
</points>
</Connector>
</connectors>
</Diagram>