<?xml version = '1.0' encoding = 'UTF-8'?>
<Diagram class="oracle.dbtools.crest.swingui.logical.DPVLogicalSubView" name="Logical - SubView_1" id="E780EAFB-368A-823B-B063-68D63F52C082">
<createdBy>bguillaumin</createdBy>
<modifiedBy>bguillaumin</modifiedBy>
<createdTime>2017-04-20 08:13:35 UTC</createdTime>
<autoRoute>false</autoRoute>
<boxInbox>false</boxInbox>
<showLegend>false</showLegend>
<showLabels>false</showLabels>
<showRelAttributes>false</showRelAttributes>
<gridEnabled>false</gridEnabled>
<showGrid>false</showGrid>
<diagramColor>-1</diagramColor>
<display>false</display>
<notation>1</notation>
<objectViews>
<OView class="oracle.dbtools.crest.swingui.logical.TVEntity" oid="69D37256-2517-D8B2-06E4-8E56183A3AD5" otype="Entity" vid="F28BB806-DE2E-01A0-E6E4-8224A3093B95">
<hideElementsInCurrentOnly>false</hideElementsInCurrentOnly>
<bounds x="1272" y="352" width="170" height="111"/>
</OView>
</objectViews>
</Diagram>