<?xml version = '1.0' encoding = 'UTF-8'?>
<Table class="oracle.dbtools.crest.model.design.relational.Table" directorySegmentName="seg_0" id="01F6F2BE-3F32-D181-3C89-E3AD8FC95540" schemaObject="CEA11089-C5B9-4DC5-51FB-B8E159C571E1" name="MetierActivite">
<createdBy>bguillaumin</createdBy>
<createdTime>2017-04-20 11:34:35 UTC</createdTime>
<ownerDesignName>JobOverview</ownerDesignName>
<allowColumnReorder>false</allowColumnReorder>
<existDependencyGenerateInDDl>true</existDependencyGenerateInDDl>
<parsed>true</parsed>
<columns itemClass="oracle.dbtools.crest.model.design.relational.Column">
<Column name="Métier_Code" id="2CE5E486-083C-B7FD-1C91-07184CA44F46">
<createdBy>bguillaumin</createdBy>
<createdTime>2017-04-20 11:34:35 UTC</createdTime>
<ownerDesignName>JobOverview</ownerDesignName>
<use>0</use>
<logicalDatatype>LOGDT037</logicalDatatype>
<domain>C6D3D085-84A5-0236-0E3C-208424306CD9</domain>
<ownDataTypeParameters>,,</ownDataTypeParameters>
<previousColumn>false</previousColumn>
<autoIncrementCycle>false</autoIncrementCycle>
<associations>
<colAssociation fkAssociation="F5982DF7-0B33-EC30-C544-8AAF7775F3F9" referredColumn="24537E55-1EF8-3EA4-896F-19B329DD73E3"/>
</associations>
</Column>
<Column name="Activite_Code" id="F7047DDF-CC6B-B5B6-D0B6-4A697CC913C4">
<createdBy>bguillaumin</createdBy>
<createdTime>2017-04-20 11:34:35 UTC</createdTime>
<ownerDesignName>JobOverview</ownerDesignName>
<use>0</use>
<logicalDatatype>LOGDT037</logicalDatatype>
<domain>C6D3D085-84A5-0236-0E3C-208424306CD9</domain>
<ownDataTypeParameters>,,</ownDataTypeParameters>
<previousColumn>false</previousColumn>
<autoIncrementCycle>false</autoIncrementCycle>
<associations>
<colAssociation fkAssociation="B3924388-8A60-7E5C-E5DB-BC725797E00C" referredColumn="24071402-6448-9D56-7333-F922A819A1CA"/>
</associations>
</Column>
</columns>
<indexes itemClass="oracle.dbtools.crest.model.design.relational.Index">
<ind_PK_UK id="B398994A-80D7-B775-5C99-3465F03D8247" name="MetierActivite_PK">
<createdBy>bguillaumin</createdBy>
<createdTime>2017-04-20 11:34:35 UTC</createdTime>
<ownerDesignName>JobOverview</ownerDesignName>
<pk>true</pk>
<indexState>Primary Constraint</indexState>
<isSurrogateKey>false</isSurrogateKey>
<indexColumnUsage>
<colUsage columnID="2CE5E486-083C-B7FD-1C91-07184CA44F46"/>
<colUsage columnID="F7047DDF-CC6B-B5B6-D0B6-4A697CC913C4"/>
</indexColumnUsage>
</ind_PK_UK>
<ind_PK_UK id="FFA6B3FC-772E-3A1A-961D-DF13CBEBC90A" name="FK_ASS_5">
<createdBy>bguillaumin</createdBy>
<createdTime>2017-04-20 11:34:35 UTC</createdTime>
<generatorID>458D6BA1-85FB-0771-0918-94480535D049</generatorID>
<ownerDesignName>JobOverview</ownerDesignName>
<indexState>Foreign Key</indexState>
<isSurrogateKey>false</isSurrogateKey>
<indexColumnUsage>
<colUsage columnID="2CE5E486-083C-B7FD-1C91-07184CA44F46"/>
</indexColumnUsage>
</ind_PK_UK>
<ind_PK_UK id="8554468E-A763-B8B1-8B44-999D16FE38CC" name="FK_ASS_6">
<createdBy>bguillaumin</createdBy>
<createdTime>2017-04-20 11:34:35 UTC</createdTime>
<generatorID>458D6BA1-85FB-0771-0918-94480535D049</generatorID>
<ownerDesignName>JobOverview</ownerDesignName>
<indexState>Foreign Key</indexState>
<isSurrogateKey>false</isSurrogateKey>
<indexColumnUsage>
<colUsage columnID="F7047DDF-CC6B-B5B6-D0B6-4A697CC913C4"/>
</indexColumnUsage>
</ind_PK_UK>
</indexes>
</Table>