<?xml version = '1.0' encoding = 'UTF-8'?>
<Table class="oracle.dbtools.crest.model.design.relational.Table" directorySegmentName="seg_0" id="233CF409-7260-6D6C-59ED-FB4237B6931C" schemaObject="CEA11089-C5B9-4DC5-51FB-B8E159C571E1" name="Logiciel">
<createdBy>bguillaumin</createdBy>
<createdTime>2017-04-20 11:34:35 UTC</createdTime>
<generatorID>2ADA5018-6F3B-33A8-BB14-6844587F7EDA</generatorID>
<ownerDesignName>JobOverview</ownerDesignName>
<allowColumnReorder>false</allowColumnReorder>
<existDependencyGenerateInDDl>true</existDependencyGenerateInDDl>
<parsed>true</parsed>
<columns itemClass="oracle.dbtools.crest.model.design.relational.Column">
<Column name="Code" id="84F2D174-2313-401E-F62C-519BB372FA03">
<createdBy>bguillaumin</createdBy>
<createdTime>2017-04-20 11:34:35 UTC</createdTime>
<generatorID>9B47DA59-ACB3-CF87-EDE6-800AEBFE1FEB</generatorID>
<ownerDesignName>JobOverview</ownerDesignName>
<use>0</use>
<logicalDatatype>LOGDT037</logicalDatatype>
<domain>C6D3D085-84A5-0236-0E3C-208424306CD9</domain>
<ownDataTypeParameters>,,</ownDataTypeParameters>
<autoIncrementCycle>false</autoIncrementCycle>
</Column>
<Column name="Libelle" id="6B157002-D013-0FD5-2FD8-699ABF4AD393">
<createdBy>bguillaumin</createdBy>
<createdTime>2017-04-20 11:34:35 UTC</createdTime>
<generatorID>76883C5F-4B67-2397-124F-2A2998EA391A</generatorID>
<ownerDesignName>JobOverview</ownerDesignName>
<use>0</use>
<logicalDatatype>LOGDT037</logicalDatatype>
<domain>DD5661EB-2B04-4455-086E-3B585D81978B</domain>
<ownDataTypeParameters>,,</ownDataTypeParameters>
<autoIncrementCycle>false</autoIncrementCycle>
</Column>
<Column name="Filière_Id" id="EE5334FA-8F6C-3BDE-9310-4909088B67BD">
<createdBy>bguillaumin</createdBy>
<createdTime>2017-04-20 11:34:35 UTC</createdTime>
<generatorID>127FA41C-0C81-6A15-7EA1-B7FA8E4F2BF9</generatorID>
<ownerDesignName>JobOverview</ownerDesignName>
<use>0</use>
<logicalDatatype>LOGDT011</logicalDatatype>
<domain>2733833C-2C23-4751-860F-2BE773CE8BB3</domain>
<ownDataTypeParameters>,,</ownDataTypeParameters>
<previousColumn>false</previousColumn>
<autoIncrementCycle>false</autoIncrementCycle>
<associations>
<colAssociation fkAssociation="02951C71-A7DF-B3E8-E9BD-9CCFFD62705C" referredColumn="53D0037D-65F7-D6B9-7228-1B8C327B2799"/>
</associations>
</Column>
</columns>
<indexes itemClass="oracle.dbtools.crest.model.design.relational.Index">
<ind_PK_UK id="C820FB17-8AA8-22DC-F9E9-84655A4B140A" name="Logiciel_PK">
<createdBy>bguillaumin</createdBy>
<createdTime>2017-04-20 11:34:35 UTC</createdTime>
<generatorID>ABD539CC-2A35-18CE-5F8B-0FA938D1C5F7</generatorID>
<ownerDesignName>JobOverview</ownerDesignName>
<pk>true</pk>
<indexState>Primary Constraint</indexState>
<isSurrogateKey>false</isSurrogateKey>
<indexColumnUsage>
<colUsage columnID="84F2D174-2313-401E-F62C-519BB372FA03"/>
</indexColumnUsage>
</ind_PK_UK>
<ind_PK_UK id="3925ECC5-0A5C-CC4B-89E2-96A221D1843B" name="Logiciel_Filière_FK">
<createdBy>bguillaumin</createdBy>
<createdTime>2017-04-20 11:34:35 UTC</createdTime>
<generatorID>42689580-95E9-4696-E73F-27298220B00B</generatorID>
<ownerDesignName>JobOverview</ownerDesignName>
<indexState>Foreign Key</indexState>
<isSurrogateKey>false</isSurrogateKey>
<indexColumnUsage>
<colUsage columnID="EE5334FA-8F6C-3BDE-9310-4909088B67BD"/>
</indexColumnUsage>
</ind_PK_UK>
</indexes>
</Table>