<?xml version = '1.0' encoding = 'UTF-8'?>
<Table class="oracle.dbtools.crest.model.design.relational.Table" directorySegmentName="seg_0" id="2965416C-EAD4-2AB5-DCCE-A5143652146E" schemaObject="CEA11089-C5B9-4DC5-51FB-B8E159C571E1" name="Equipe">
<createdBy>bguillaumin</createdBy>
<createdTime>2017-04-20 11:34:35 UTC</createdTime>
<generatorID>16B16A31-B119-316A-1C77-245E98489108</generatorID>
<ownerDesignName>JobOverview</ownerDesignName>
<allowColumnReorder>false</allowColumnReorder>
<existDependencyGenerateInDDl>true</existDependencyGenerateInDDl>
<parsed>true</parsed>
<columns itemClass="oracle.dbtools.crest.model.design.relational.Column">
<Column name="Id" id="279B116B-10EA-A2F1-1C2D-777DA0AA5121">
<createdBy>bguillaumin</createdBy>
<createdTime>2017-04-20 11:34:35 UTC</createdTime>
<generatorID>BA2A0B91-E003-E5BA-C686-964A0F79C77F</generatorID>
<ownerDesignName>JobOverview</ownerDesignName>
<use>0</use>
<logicalDatatype>LOGDT011</logicalDatatype>
<domain>2733833C-2C23-4751-860F-2BE773CE8BB3</domain>
<ownDataTypeParameters>,,</ownDataTypeParameters>
<autoIncrementCycle>false</autoIncrementCycle>
</Column>
<Column name="Libelle" id="74017F14-B085-DA3E-2687-60651A833BD4">
<createdBy>bguillaumin</createdBy>
<createdTime>2017-04-20 11:34:35 UTC</createdTime>
<generatorID>C1AB50E4-C223-1D93-756E-C7E4130B2B69</generatorID>
<ownerDesignName>JobOverview</ownerDesignName>
<use>0</use>
<logicalDatatype>LOGDT037</logicalDatatype>
<domain>DD5661EB-2B04-4455-086E-3B585D81978B</domain>
<ownDataTypeParameters>,,</ownDataTypeParameters>
<autoIncrementCycle>false</autoIncrementCycle>
</Column>
<Column name="Servic_Id" id="F18E58B5-2D73-D259-B88C-1056E37C9548">
<createdBy>bguillaumin</createdBy>
<createdTime>2017-04-20 11:34:35 UTC</createdTime>
<generatorID>E9B3E1B2-6D55-604E-71BE-08CF7BAF7091</generatorID>
<ownerDesignName>JobOverview</ownerDesignName>
<use>0</use>
<logicalDatatype>LOGDT011</logicalDatatype>
<domain>2733833C-2C23-4751-860F-2BE773CE8BB3</domain>
<ownDataTypeParameters>,,</ownDataTypeParameters>
<previousColumn>false</previousColumn>
<autoIncrementCycle>false</autoIncrementCycle>
<associations>
<colAssociation fkAssociation="820B523D-3B65-1852-97B1-7B42D7BDD306" referredColumn="A1A3C051-3AA9-4C5A-F7AC-DD33BB1F4E86"/>
</associations>
</Column>
<Column name="Filière_Id" id="40FC6ADC-A401-098B-D6F8-EBF8147C347C">
<createdBy>bguillaumin</createdBy>
<createdTime>2017-04-20 11:34:35 UTC</createdTime>
<generatorID>17AFBBF3-105D-3E1D-2435-CF52A10A0853</generatorID>
<ownerDesignName>JobOverview</ownerDesignName>
<use>0</use>
<logicalDatatype>LOGDT011</logicalDatatype>
<domain>2733833C-2C23-4751-860F-2BE773CE8BB3</domain>
<ownDataTypeParameters>,,</ownDataTypeParameters>
<previousColumn>false</previousColumn>
<autoIncrementCycle>false</autoIncrementCycle>
<associations>
<colAssociation fkAssociation="EAC8E988-F18C-0273-DE49-48617D166D56" referredColumn="53D0037D-65F7-D6B9-7228-1B8C327B2799"/>
</associations>
</Column>
</columns>
<indexes itemClass="oracle.dbtools.crest.model.design.relational.Index">
<ind_PK_UK id="2747404B-0D55-1AB7-F8E9-6C63FB168DF8" name="Equipe_PK">
<createdBy>bguillaumin</createdBy>
<createdTime>2017-04-20 11:34:35 UTC</createdTime>
<generatorID>FF0E6F1D-2C0D-E246-D90D-8CF1F4700CD5</generatorID>
<ownerDesignName>JobOverview</ownerDesignName>
<pk>true</pk>
<indexState>Primary Constraint</indexState>
<isSurrogateKey>false</isSurrogateKey>
<indexColumnUsage>
<colUsage columnID="279B116B-10EA-A2F1-1C2D-777DA0AA5121"/>
</indexColumnUsage>
</ind_PK_UK>
<ind_PK_UK id="9B0CDAC4-D41A-B561-C006-817BEF33B9F8" name="Equipe_Filière_FK">
<createdBy>bguillaumin</createdBy>
<createdTime>2017-04-20 11:34:35 UTC</createdTime>
<generatorID>2077A2B8-569F-A925-56F1-6882303866E6</generatorID>
<ownerDesignName>JobOverview</ownerDesignName>
<indexState>Foreign Key</indexState>
<isSurrogateKey>false</isSurrogateKey>
<indexColumnUsage>
<colUsage columnID="40FC6ADC-A401-098B-D6F8-EBF8147C347C"/>
</indexColumnUsage>
</ind_PK_UK>
<ind_PK_UK id="C9226150-A255-2173-054B-D21318B14377" name="Equipe_Servic_FK">
<createdBy>bguillaumin</createdBy>
<createdTime>2017-04-20 11:34:35 UTC</createdTime>
<generatorID>72BDE89F-A70A-F805-10DE-72F326845852</generatorID>
<ownerDesignName>JobOverview</ownerDesignName>
<indexState>Foreign Key</indexState>
<isSurrogateKey>false</isSurrogateKey>
<indexColumnUsage>
<colUsage columnID="F18E58B5-2D73-D259-B88C-1056E37C9548"/>
</indexColumnUsage>
</ind_PK_UK>
</indexes>
</Table>