<?xml version = '1.0' encoding = 'UTF-8'?>
<Table class="oracle.dbtools.crest.model.design.relational.Table" directorySegmentName="seg_0" id="3DB4F304-0CC4-EC05-D265-28AF50357F44" name="TempsPasse">
<createdBy>bguillaumin</createdBy>
<createdTime>2017-04-20 14:39:16 UTC</createdTime>
<generatorID>6131A520-BC3D-18B0-81C9-F34672027533</generatorID>
<ownerDesignName>JobOverview</ownerDesignName>
<allowColumnReorder>false</allowColumnReorder>
<existDependencyGenerateInDDl>true</existDependencyGenerateInDDl>
<parsed>true</parsed>
<columns itemClass="oracle.dbtools.crest.model.design.relational.Column">
<Column name="Tache_Id" id="673E4B9C-C1EB-8341-F512-84560351BFC1">
<createdBy>bguillaumin</createdBy>
<createdTime>2017-04-20 14:39:16 UTC</createdTime>
<generatorID>3B8DBACE-D4DC-04E4-2692-537B6EE55D52</generatorID>
<ownerDesignName>JobOverview</ownerDesignName>
<use>0</use>
<logicalDatatype>LOGDT011</logicalDatatype>
<domain>2733833C-2C23-4751-860F-2BE773CE8BB3</domain>
<ownDataTypeParameters>,,</ownDataTypeParameters>
<previousColumn>false</previousColumn>
<autoIncrementCycle>false</autoIncrementCycle>
<associations>
<colAssociation fkAssociation="1D70A06F-A654-06E5-842C-E1D65980B1F2" referredColumn="D79DBF9B-ED0F-FC5D-18C7-B5F80327B040"/>
</associations>
</Column>
<Column name="Jour" id="843800C2-9443-1676-8AC4-22F1E62F44B1">
<createdBy>bguillaumin</createdBy>
<createdTime>2017-04-20 14:39:16 UTC</createdTime>
<generatorID>CE741714-D1F4-2052-924C-E777C362F1DF</generatorID>
<ownerDesignName>JobOverview</ownerDesignName>
<use>0</use>
<logicalDatatype>LOGDT007</logicalDatatype>
<domain>A833FC96-CD02-5F85-E806-881523064D21</domain>
<ownDataTypeParameters>,,</ownDataTypeParameters>
<autoIncrementCycle>false</autoIncrementCycle>
</Column>
<Column name="Duree" id="1A25700A-260A-C1A3-070B-0DA5FF8A8EF2">
<createdBy>bguillaumin</createdBy>
<createdTime>2017-04-20 14:39:16 UTC</createdTime>
<generatorID>8926919F-D691-B122-A946-0A8D546DF0AB</generatorID>
<ownerDesignName>JobOverview</ownerDesignName>
<useDomainConstraints>false</useDomainConstraints>
<use>1</use>
<logicalDatatype>LOGDT026</logicalDatatype>
<dataTypePrecision>28</dataTypePrecision>
<ownDataTypeParameters>,28,</ownDataTypeParameters>
<autoIncrementCycle>false</autoIncrementCycle>
<listOfRanges>
<rangeDef class="oracle.dbtools.crest.model.design.constraint.AVT">
<beginValue>0</beginValue>
<endValue>8</endValue>
</rangeDef>
</listOfRanges>
</Column>
<Column name="Personne_Ident" id="91A50FBA-B638-31DB-4E57-B60F4650C725">
<createdBy>bguillaumin</createdBy>
<createdTime>2017-04-20 14:39:16 UTC</createdTime>
<generatorID>DE542455-09FA-F6AD-F92C-BD9C0F6A32B5</generatorID>
<ownerDesignName>JobOverview</ownerDesignName>
<use>0</use>
<logicalDatatype>LOGDT037</logicalDatatype>
<domain>C6D3D085-84A5-0236-0E3C-208424306CD9</domain>
<ownDataTypeParameters>,,</ownDataTypeParameters>
<previousColumn>false</previousColumn>
<autoIncrementCycle>false</autoIncrementCycle>
<associations>
<colAssociation fkAssociation="AE5619B9-62A3-639D-ABAF-91DEDBA9C4D4" referredColumn="5537DDAB-521E-B897-697E-72F1BDB13AEA"/>
</associations>
</Column>
</columns>
<indexes itemClass="oracle.dbtools.crest.model.design.relational.Index">
<ind_PK_UK id="9CBD9DB5-0BCC-CB00-B26E-5813D28A201B" name="TempsPasse_PKv1">
<createdBy>bguillaumin</createdBy>
<createdTime>2017-04-20 14:39:16 UTC</createdTime>
<generatorID>1A23284A-8635-D092-C02E-378451E00686</generatorID>
<ownerDesignName>JobOverview</ownerDesignName>
<pk>true</pk>
<indexState>Primary Constraint</indexState>
<isSurrogateKey>false</isSurrogateKey>
<indexColumnUsage>
<colUsage columnID="673E4B9C-C1EB-8341-F512-84560351BFC1"/>
<colUsage columnID="843800C2-9443-1676-8AC4-22F1E62F44B1"/>
</indexColumnUsage>
</ind_PK_UK>
<ind_PK_UK id="E77E74F3-BAD7-EC5E-5AEB-AA5736E5C04A" name="TempsPasse_Tache_FK">
<createdBy>bguillaumin</createdBy>
<createdTime>2017-04-20 14:39:16 UTC</createdTime>
<generatorID>7E3876AB-A982-6AB5-6A52-C878E3BA8512</generatorID>
<ownerDesignName>JobOverview</ownerDesignName>
<indexState>Foreign Key</indexState>
<isSurrogateKey>false</isSurrogateKey>
<indexColumnUsage>
<colUsage columnID="673E4B9C-C1EB-8341-F512-84560351BFC1"/>
</indexColumnUsage>
</ind_PK_UK>
<ind_PK_UK id="A0442687-5C76-06C0-CBA9-F0BAE5684008" name="TempsPasse_Personne_FK">
<createdBy>bguillaumin</createdBy>
<createdTime>2017-04-20 14:39:16 UTC</createdTime>
<generatorID>CB18F797-8707-B4AC-347E-51C1DA3CD490</generatorID>
<ownerDesignName>JobOverview</ownerDesignName>
<indexState>Foreign Key</indexState>
<isSurrogateKey>false</isSurrogateKey>
<indexColumnUsage>
<colUsage columnID="91A50FBA-B638-31DB-4E57-B60F4650C725"/>
</indexColumnUsage>
</ind_PK_UK>
</indexes>
</Table>