<?xml version = '1.0' encoding = 'UTF-8'?>
<Table class="oracle.dbtools.crest.model.design.relational.Table" directorySegmentName="seg_0" id="47A5CF3D-35DD-5A7E-C75E-447DAC0626B5" schemaObject="CEA11089-C5B9-4DC5-51FB-B8E159C571E1" name="Module">
<createdBy>bguillaumin</createdBy>
<createdTime>2017-04-20 11:34:35 UTC</createdTime>
<generatorID>9D549DF2-B91A-5EE8-0E70-8FB500AE93D4</generatorID>
<ownerDesignName>JobOverview</ownerDesignName>
<allowColumnReorder>false</allowColumnReorder>
<existDependencyGenerateInDDl>true</existDependencyGenerateInDDl>
<parsed>true</parsed>
<columns itemClass="oracle.dbtools.crest.model.design.relational.Column">
<Column name="CodeId" id="5A5383E3-8678-29BD-029F-50B4E2F33119">
<createdBy>bguillaumin</createdBy>
<createdTime>2017-04-20 11:34:35 UTC</createdTime>
<generatorID>43D3E730-426C-C94D-4BB8-D8090D801668</generatorID>
<ownerDesignName>JobOverview</ownerDesignName>
<use>0</use>
<logicalDatatype>LOGDT037</logicalDatatype>
<domain>C6D3D085-84A5-0236-0E3C-208424306CD9</domain>
<ownDataTypeParameters>,,</ownDataTypeParameters>
<autoIncrementCycle>false</autoIncrementCycle>
</Column>
<Column name="Libelle" id="93950ABE-E1F2-DB03-CE51-1B06D8356F0B">
<createdBy>bguillaumin</createdBy>
<createdTime>2017-04-20 11:34:35 UTC</createdTime>
<generatorID>F51C9310-CF59-BD63-51F4-A19B7E35392C</generatorID>
<ownerDesignName>JobOverview</ownerDesignName>
<use>0</use>
<logicalDatatype>LOGDT037</logicalDatatype>
<domain>DD5661EB-2B04-4455-086E-3B585D81978B</domain>
<ownDataTypeParameters>,,</ownDataTypeParameters>
<autoIncrementCycle>false</autoIncrementCycle>
</Column>
<Column name="Logiciel_Code" id="90CC1B14-7414-5AE0-109B-6ECB0133CFAA">
<createdBy>bguillaumin</createdBy>
<createdTime>2017-04-20 11:34:35 UTC</createdTime>
<generatorID>D805BE02-8F03-BC2C-F5AB-C633BD690F0C</generatorID>
<ownerDesignName>JobOverview</ownerDesignName>
<use>0</use>
<logicalDatatype>LOGDT037</logicalDatatype>
<domain>C6D3D085-84A5-0236-0E3C-208424306CD9</domain>
<ownDataTypeParameters>,,</ownDataTypeParameters>
<previousColumn>false</previousColumn>
<autoIncrementCycle>false</autoIncrementCycle>
<associations>
<colAssociation fkAssociation="B848BD13-3A4D-E857-98A2-B461EFC78589" referredColumn="84F2D174-2313-401E-F62C-519BB372FA03"/>
</associations>
</Column>
<Column name="Module_CodeId" id="BAFE31D9-E46B-7CB0-409C-C2F39AC6229C">
<createdBy>bguillaumin</createdBy>
<createdTime>2017-04-20 11:34:35 UTC</createdTime>
<generatorID>B3072975-DFC0-D960-34C1-D3124430FBA6</generatorID>
<ownerDesignName>JobOverview</ownerDesignName>
<nullsAllowed>true</nullsAllowed>
<use>0</use>
<logicalDatatype>LOGDT037</logicalDatatype>
<domain>C6D3D085-84A5-0236-0E3C-208424306CD9</domain>
<ownDataTypeParameters>,,</ownDataTypeParameters>
<previousColumn>false</previousColumn>
<autoIncrementCycle>false</autoIncrementCycle>
<associations>
<colAssociation fkAssociation="BF71E6CB-3026-FDE4-1F51-375C02EB07CE" referredColumn="5A5383E3-8678-29BD-029F-50B4E2F33119"/>
</associations>
</Column>
</columns>
<indexes itemClass="oracle.dbtools.crest.model.design.relational.Index">
<ind_PK_UK id="27086559-AE7C-E7B1-4F0F-2E7DC13C9C3A" name="Module_PK">
<createdBy>bguillaumin</createdBy>
<createdTime>2017-04-20 11:34:35 UTC</createdTime>
<generatorID>37A58D20-3B14-009A-95F2-BA5A73F15E65</generatorID>
<ownerDesignName>JobOverview</ownerDesignName>
<pk>true</pk>
<indexState>Primary Constraint</indexState>
<isSurrogateKey>false</isSurrogateKey>
<indexColumnUsage>
<colUsage columnID="5A5383E3-8678-29BD-029F-50B4E2F33119"/>
</indexColumnUsage>
</ind_PK_UK>
<ind_PK_UK id="C88E5CC3-39F8-02CD-18EE-586938C35476" name="Module_Logiciel_FK">
<createdBy>bguillaumin</createdBy>
<createdTime>2017-04-20 11:34:35 UTC</createdTime>
<generatorID>7A6A15E2-E89A-F599-85A5-E08D526EE2EF</generatorID>
<ownerDesignName>JobOverview</ownerDesignName>
<indexState>Foreign Key</indexState>
<isSurrogateKey>false</isSurrogateKey>
<indexColumnUsage>
<colUsage columnID="90CC1B14-7414-5AE0-109B-6ECB0133CFAA"/>
</indexColumnUsage>
</ind_PK_UK>
<ind_PK_UK id="7F1D6E45-E2D9-5E92-D37A-9AEFA80734A8" name="Module_Module_FK">
<createdBy>bguillaumin</createdBy>
<createdTime>2017-04-20 11:34:35 UTC</createdTime>
<generatorID>AB4C3983-1AFC-E3C3-D89A-51068458DCA0</generatorID>
<ownerDesignName>JobOverview</ownerDesignName>
<indexState>Foreign Key</indexState>
<isSurrogateKey>false</isSurrogateKey>
<indexColumnUsage>
<colUsage columnID="BAFE31D9-E46B-7CB0-409C-C2F39AC6229C"/>
</indexColumnUsage>
</ind_PK_UK>
</indexes>
</Table>