<?xml version = '1.0' encoding = 'UTF-8'?>
<Table class="oracle.dbtools.crest.model.design.relational.Table" directorySegmentName="seg_0" id="52A62236-395D-ADFF-3BA8-CBE7F9AF77C6" schemaObject="CEA11089-C5B9-4DC5-51FB-B8E159C571E1" name="Releas">
<createdBy>bguillaumin</createdBy>
<createdTime>2017-04-20 11:34:35 UTC</createdTime>
<generatorID>B983772C-1F97-B711-74A8-64F5EA95DB91</generatorID>
<ownerDesignName>JobOverview</ownerDesignName>
<allowColumnReorder>false</allowColumnReorder>
<existDependencyGenerateInDDl>true</existDependencyGenerateInDDl>
<parsed>true</parsed>
<columns itemClass="oracle.dbtools.crest.model.design.relational.Column">
<Column name="Id" id="D5F9492D-08BE-D120-BA5A-0AF08E1C974C">
<createdBy>bguillaumin</createdBy>
<createdTime>2017-04-21 09:57:02 UTC</createdTime>
<ownerDesignName>JobOverview</ownerDesignName>
<use>0</use>
<logicalDatatype>LOGDT011</logicalDatatype>
<domain>2733833C-2C23-4751-860F-2BE773CE8BB3</domain>
<ownDataTypeParameters>,,</ownDataTypeParameters>
<autoIncrementCycle>false</autoIncrementCycle>
</Column>
<Column name="Numero" id="FA6C1242-5DDA-3091-C14D-B5DC033E8825">
<createdBy>bguillaumin</createdBy>
<createdTime>2017-04-20 11:34:35 UTC</createdTime>
<generatorID>53871802-850D-6A41-96F2-72F265CCBCE7</generatorID>
<ownerDesignName>JobOverview</ownerDesignName>
<useDomainConstraints>false</useDomainConstraints>
<use>1</use>
<logicalDatatype>LOGDT018</logicalDatatype>
<ownDataTypeParameters>,,</ownDataTypeParameters>
<autoIncrementColumn>true</autoIncrementColumn>
<identityColumn>true</identityColumn>
<autoIncrementMinValue>1</autoIncrementMinValue>
<autoIncrementMaxValue>999</autoIncrementMaxValue>
<autoIncrementCycle>false</autoIncrementCycle>
<listOfRanges>
<rangeDef class="oracle.dbtools.crest.model.design.constraint.AVT">
<beginValue>1</beginValue>
<endValue>999</endValue>
</rangeDef>
</listOfRanges>
</Column>
<Column name="DateCreation" id="7D051D5E-4A30-907B-4C7C-754597371280">
<createdBy>bguillaumin</createdBy>
<createdTime>2017-04-20 11:34:35 UTC</createdTime>
<generatorID>35178913-268B-A509-9C3B-E65CE323FEE5</generatorID>
<ownerDesignName>JobOverview</ownerDesignName>
<use>0</use>
<logicalDatatype>LOGDT007</logicalDatatype>
<domain>A833FC96-CD02-5F85-E806-881523064D21</domain>
<ownDataTypeParameters>,,</ownDataTypeParameters>
<autoIncrementCycle>false</autoIncrementCycle>
</Column>
<Column name="Versio_Logiciel_Code" id="C713544C-75BB-021F-C4E5-8D15B52F4BAB">
<createdBy>bguillaumin</createdBy>
<createdTime>2017-04-20 11:45:52 UTC</createdTime>
<ownerDesignName>JobOverview</ownerDesignName>
<use>0</use>
<logicalDatatype>LOGDT037</logicalDatatype>
<domain>C6D3D085-84A5-0236-0E3C-208424306CD9</domain>
<ownDataTypeParameters>,,</ownDataTypeParameters>
<previousColumn>false</previousColumn>
<autoIncrementCycle>false</autoIncrementCycle>
<associations>
<colAssociation fkAssociation="2466FB55-F87E-C286-952A-11E6E164DAEF" referredColumn="4C44EAE4-D421-5C98-2553-885FBB1F2C06"/>
</associations>
</Column>
<Column name="Versio_IdUnique" id="F7C45C60-E399-A6E6-ACC2-E1C5BFDC4730">
<createdBy>bguillaumin</createdBy>
<createdTime>2017-04-20 11:34:35 UTC</createdTime>
<generatorID>AF9B5069-1F49-2C5C-2036-5F1349AD1B71</generatorID>
<ownerDesignName>JobOverview</ownerDesignName>
<use>0</use>
<logicalDatatype>LOGDT037</logicalDatatype>
<domain>C6D3D085-84A5-0236-0E3C-208424306CD9</domain>
<ownDataTypeParameters>,,</ownDataTypeParameters>
<previousColumn>false</previousColumn>
<autoIncrementCycle>false</autoIncrementCycle>
<associations>
<colAssociation fkAssociation="2466FB55-F87E-C286-952A-11E6E164DAEF" referredColumn="2FA8FB01-FEB2-9D9A-D96C-8574CEBCBED2"/>
</associations>
</Column>
</columns>
<indexes itemClass="oracle.dbtools.crest.model.design.relational.Index">
<ind_PK_UK id="ED508EEE-01F0-8B79-B98C-B8F96D51BF05" name="Releas_PK">
<createdBy>bguillaumin</createdBy>
<createdTime>2017-04-20 11:34:35 UTC</createdTime>
<generatorID>FB01FDE5-0673-8914-72BF-61E064AECE39</generatorID>
<ownerDesignName>JobOverview</ownerDesignName>
<pk>true</pk>
<indexState>Primary Constraint</indexState>
<isSurrogateKey>false</isSurrogateKey>
<indexColumnUsage>
<colUsage columnID="D5F9492D-08BE-D120-BA5A-0AF08E1C974C"/>
</indexColumnUsage>
</ind_PK_UK>
<ind_PK_UK id="9CD59EFD-49D0-EF99-F314-CEE8677ED176" name="Releas_Versio_FK">
<createdBy>bguillaumin</createdBy>
<createdTime>2017-04-20 11:34:35 UTC</createdTime>
<generatorID>88D5F68C-7F1A-27F3-B66F-AB79A79A69A3</generatorID>
<ownerDesignName>JobOverview</ownerDesignName>
<indexState>Foreign Key</indexState>
<isSurrogateKey>false</isSurrogateKey>
<indexColumnUsage>
<colUsage columnID="F7C45C60-E399-A6E6-ACC2-E1C5BFDC4730"/>
<colUsage columnID="C713544C-75BB-021F-C4E5-8D15B52F4BAB"/>
</indexColumnUsage>
</ind_PK_UK>
</indexes>
</Table>