<?xml version = '1.0' encoding = 'UTF-8'?>
<Table class="oracle.dbtools.crest.model.design.relational.Table" directorySegmentName="seg_0" id="791BBFA5-CEEC-BA91-560F-C56693DFFAA7" schemaObject="CEA11089-C5B9-4DC5-51FB-B8E159C571E1" name="Production">
<createdBy>bguillaumin</createdBy>
<createdTime>2017-04-20 11:34:35 UTC</createdTime>
<generatorID>07260BCC-A3EF-8F75-A002-C70F41EECABD</generatorID>
<ownerDesignName>JobOverview</ownerDesignName>
<allowColumnReorder>false</allowColumnReorder>
<existDependencyGenerateInDDl>true</existDependencyGenerateInDDl>
<parsed>true</parsed>
<columns itemClass="oracle.dbtools.crest.model.design.relational.Column">
<Column name="Id" id="E3AEDFDA-A735-D3F5-0075-5BA400665C18">
<createdBy>bguillaumin</createdBy>
<createdTime>2017-04-20 11:34:35 UTC</createdTime>
<generatorID>14C4C5D3-4798-84C3-DC1C-A7C2F9D93C27</generatorID>
<ownerDesignName>JobOverview</ownerDesignName>
<use>0</use>
<logicalDatatype>LOGDT011</logicalDatatype>
<domain>2733833C-2C23-4751-860F-2BE773CE8BB3</domain>
<ownDataTypeParameters>,,</ownDataTypeParameters>
<autoIncrementCycle>false</autoIncrementCycle>
<associations>
<colAssociation fkAssociation="F6399B54-1E9B-2E3D-B547-97959205DBCC" referredColumn="D79DBF9B-ED0F-FC5D-18C7-B5F80327B040"/>
</associations>
</Column>
<Column name="Avancement" id="7BCBE0EE-59F0-3A4A-09EF-E7BAF0D3DCEE">
<createdBy>bguillaumin</createdBy>
<createdTime>2017-04-20 11:34:35 UTC</createdTime>
<generatorID>28A62628-C0EC-B954-9F21-6444D2B8E7B7</generatorID>
<ownerDesignName>JobOverview</ownerDesignName>
<useDomainConstraints>false</useDomainConstraints>
<use>1</use>
<logicalDatatype>LOGDT011</logicalDatatype>
<ownDataTypeParameters>,,</ownDataTypeParameters>
<autoIncrementCycle>false</autoIncrementCycle>
</Column>
<Column name="PrevisionInitiale" id="AF74105E-9B18-A066-64FA-4495668F8919">
<createdBy>bguillaumin</createdBy>
<createdTime>2017-04-20 11:34:35 UTC</createdTime>
<generatorID>CCBA8DB7-F330-C224-83EA-C1EC27FF9763</generatorID>
<ownerDesignName>JobOverview</ownerDesignName>
<useDomainConstraints>false</useDomainConstraints>
<use>1</use>
<logicalDatatype>LOGDT011</logicalDatatype>
<ownDataTypeParameters>,,</ownDataTypeParameters>
<autoIncrementCycle>false</autoIncrementCycle>
</Column>
<Column name="DureePrevue" id="1248A39E-238A-441B-48EB-9FEC0A6C22C2">
<createdBy>bguillaumin</createdBy>
<createdTime>2017-04-20 11:34:35 UTC</createdTime>
<generatorID>36CB474D-5D28-11BA-235B-64E7E7C5B5C6</generatorID>
<ownerDesignName>JobOverview</ownerDesignName>
<nullsAllowed>true</nullsAllowed>
<useDomainConstraints>false</useDomainConstraints>
<use>1</use>
<logicalDatatype>LOGDT011</logicalDatatype>
<ownDataTypeParameters>,,</ownDataTypeParameters>
<autoIncrementCycle>false</autoIncrementCycle>
</Column>
<Column name="EstimationTempsRestant" id="CEDE5280-F8A5-AC13-2274-49D701112064">
<createdBy>bguillaumin</createdBy>
<createdTime>2017-04-20 11:34:35 UTC</createdTime>
<generatorID>FEE7389D-C2C9-8BC1-7578-AFC0CCC887E0</generatorID>
<ownerDesignName>JobOverview</ownerDesignName>
<nullsAllowed>true</nullsAllowed>
<useDomainConstraints>false</useDomainConstraints>
<use>1</use>
<logicalDatatype>LOGDT011</logicalDatatype>
<ownDataTypeParameters>,,</ownDataTypeParameters>
<autoIncrementCycle>false</autoIncrementCycle>
</Column>
<Column name="DateDebut" id="56E5268B-4433-60B4-8BB7-0630DEE1EA8A">
<createdBy>bguillaumin</createdBy>
<createdTime>2017-04-20 11:34:35 UTC</createdTime>
<generatorID>172899C8-B871-590E-4E5F-FAD65D8509E7</generatorID>
<ownerDesignName>JobOverview</ownerDesignName>
<nullsAllowed>true</nullsAllowed>
<use>0</use>
<logicalDatatype>LOGDT007</logicalDatatype>
<domain>A833FC96-CD02-5F85-E806-881523064D21</domain>
<ownDataTypeParameters>,,</ownDataTypeParameters>
<autoIncrementCycle>false</autoIncrementCycle>
</Column>
<Column name="DateFin" id="21CE2975-E26F-2F47-8DF0-E873DF9570CE">
<createdBy>bguillaumin</createdBy>
<createdTime>2017-04-20 11:34:35 UTC</createdTime>
<generatorID>7AEA8594-0032-5351-E0BA-1F88CC3DAEE9</generatorID>
<ownerDesignName>JobOverview</ownerDesignName>
<nullsAllowed>true</nullsAllowed>
<use>0</use>
<logicalDatatype>LOGDT007</logicalDatatype>
<domain>A833FC96-CD02-5F85-E806-881523064D21</domain>
<ownDataTypeParameters>,,</ownDataTypeParameters>
<autoIncrementCycle>false</autoIncrementCycle>
</Column>
<Column name="Activite_Code" id="A93254C4-F24E-A4D9-9106-798F1555D95D">
<createdBy>bguillaumin</createdBy>
<createdTime>2017-04-20 11:34:35 UTC</createdTime>
<generatorID>AB13D9E6-6B18-089D-C392-1ADD778DD5F4</generatorID>
<ownerDesignName>JobOverview</ownerDesignName>
<use>0</use>
<logicalDatatype>LOGDT037</logicalDatatype>
<domain>C6D3D085-84A5-0236-0E3C-208424306CD9</domain>
<ownDataTypeParameters>,,</ownDataTypeParameters>
<previousColumn>false</previousColumn>
<autoIncrementCycle>false</autoIncrementCycle>
<associations>
<colAssociation fkAssociation="BD58E83F-0699-3771-241B-DAFE1B103488" referredColumn="24071402-6448-9D56-7333-F922A819A1CA"/>
</associations>
</Column>
<Column name="Module_CodeId" id="C62ED9F7-563B-AF37-3B28-9FFDA041785E">
<createdBy>bguillaumin</createdBy>
<createdTime>2017-04-20 11:34:35 UTC</createdTime>
<generatorID>716624C1-641D-E007-92A4-0E0CA4971629</generatorID>
<ownerDesignName>JobOverview</ownerDesignName>
<use>0</use>
<logicalDatatype>LOGDT037</logicalDatatype>
<domain>C6D3D085-84A5-0236-0E3C-208424306CD9</domain>
<ownDataTypeParameters>,,</ownDataTypeParameters>
<previousColumn>false</previousColumn>
<autoIncrementCycle>false</autoIncrementCycle>
<associations>
<colAssociation fkAssociation="4E8A4AA6-D45F-BA31-6D6F-FC2BA38C60F4" referredColumn="5A5383E3-8678-29BD-029F-50B4E2F33119"/>
</associations>
</Column>
<Column name="Versio_IdUnique" id="0DEB4F98-5CFE-0D46-A09D-62BEBA23875D">
<createdBy>bguillaumin</createdBy>
<createdTime>2017-04-20 11:34:35 UTC</createdTime>
<generatorID>C11015E9-5A06-DE25-AA10-5C876A575E71</generatorID>
<ownerDesignName>JobOverview</ownerDesignName>
<use>0</use>
<logicalDatatype>LOGDT037</logicalDatatype>
<domain>C6D3D085-84A5-0236-0E3C-208424306CD9</domain>
<ownDataTypeParameters>,,</ownDataTypeParameters>
<previousColumn>false</previousColumn>
<autoIncrementCycle>false</autoIncrementCycle>
<associations>
<colAssociation fkAssociation="11A83197-8A0A-C3F9-6CA1-530F006EF697" referredColumn="2FA8FB01-FEB2-9D9A-D96C-8574CEBCBED2"/>
</associations>
</Column>
<Column name="Versio_Logiciel_Code" id="E427C398-735F-65BB-4787-D3162C781624">
<createdBy>bguillaumin</createdBy>
<createdTime>2017-04-20 11:45:52 UTC</createdTime>
<ownerDesignName>JobOverview</ownerDesignName>
<use>0</use>
<logicalDatatype>LOGDT037</logicalDatatype>
<domain>C6D3D085-84A5-0236-0E3C-208424306CD9</domain>
<ownDataTypeParameters>,,</ownDataTypeParameters>
<previousColumn>false</previousColumn>
<autoIncrementCycle>false</autoIncrementCycle>
<associations>
<colAssociation fkAssociation="11A83197-8A0A-C3F9-6CA1-530F006EF697" referredColumn="4C44EAE4-D421-5C98-2553-885FBB1F2C06"/>
</associations>
</Column>
</columns>
<indexes itemClass="oracle.dbtools.crest.model.design.relational.Index">
<ind_PK_UK id="0E66A197-9FEB-CEA8-7E72-44777400D7B2" name="Production_PKv1">
<createdBy>bguillaumin</createdBy>
<createdTime>2017-04-20 11:34:35 UTC</createdTime>
<generatorID>22AF03FF-46A4-F43A-2D41-1F6E810C2371</generatorID>
<ownerDesignName>JobOverview</ownerDesignName>
<pk>true</pk>
<indexState>Primary Constraint</indexState>
<isSurrogateKey>false</isSurrogateKey>
<indexColumnUsage>
<colUsage columnID="E3AEDFDA-A735-D3F5-0075-5BA400665C18"/>
</indexColumnUsage>
</ind_PK_UK>
<ind_PK_UK id="BB06EE93-87A9-D6F2-B191-8A56E3453F79" name="Production_Activite_FK">
<createdBy>bguillaumin</createdBy>
<createdTime>2017-04-20 11:34:35 UTC</createdTime>
<generatorID>2E4C68CF-D279-743B-DC23-10798FF03985</generatorID>
<ownerDesignName>JobOverview</ownerDesignName>
<indexState>Foreign Key</indexState>
<isSurrogateKey>false</isSurrogateKey>
<indexColumnUsage>
<colUsage columnID="A93254C4-F24E-A4D9-9106-798F1555D95D"/>
</indexColumnUsage>
</ind_PK_UK>
<ind_PK_UK id="5DA975F0-1ECF-2194-8794-CB337838ED98" name="Production_Versio_FK">
<createdBy>bguillaumin</createdBy>
<createdTime>2017-04-20 11:34:35 UTC</createdTime>
<generatorID>E6AF8BDA-9532-D282-043D-120B9AF275D5</generatorID>
<ownerDesignName>JobOverview</ownerDesignName>
<indexState>Foreign Key</indexState>
<isSurrogateKey>false</isSurrogateKey>
<indexColumnUsage>
<colUsage columnID="0DEB4F98-5CFE-0D46-A09D-62BEBA23875D"/>
<colUsage columnID="E427C398-735F-65BB-4787-D3162C781624"/>
</indexColumnUsage>
</ind_PK_UK>
<ind_PK_UK id="89F687A1-FDF7-3B75-159E-01C712B9F367" name="Production_Tache_FK">
<createdBy>bguillaumin</createdBy>
<createdTime>2017-04-20 14:39:16 UTC</createdTime>
<generatorID>A595C78F-1A04-EC58-0B17-610F6BA546D6</generatorID>
<ownerDesignName>JobOverview</ownerDesignName>
<indexState>Foreign Key</indexState>
<isSurrogateKey>false</isSurrogateKey>
<indexColumnUsage>
<colUsage columnID="E3AEDFDA-A735-D3F5-0075-5BA400665C18"/>
</indexColumnUsage>
</ind_PK_UK>
<ind_PK_UK id="F63D69AD-D49F-E9C6-D7CA-702AB6C8C52C" name="Production_Module_FK">
<createdBy>bguillaumin</createdBy>
<createdTime>2017-04-20 14:39:16 UTC</createdTime>
<generatorID>6D214272-272E-E5DE-B437-23528965A1B4</generatorID>
<ownerDesignName>JobOverview</ownerDesignName>
<indexState>Foreign Key</indexState>
<isSurrogateKey>false</isSurrogateKey>
<indexColumnUsage>
<colUsage columnID="C62ED9F7-563B-AF37-3B28-9FFDA041785E"/>
</indexColumnUsage>
</ind_PK_UK>
</indexes>
</Table>