<?xml version = '1.0' encoding = 'UTF-8'?>
<Table class="oracle.dbtools.crest.model.design.relational.Table" directorySegmentName="seg_0" id="878AF83A-F408-22FD-310B-26252B874D06" name="ActiviteAnnexe">
<createdBy>bguillaumin</createdBy>
<createdTime>2017-04-20 13:12:12 UTC</createdTime>
<generatorID>5726BCBB-6E92-62C7-9B9F-DEF98FFB4402</generatorID>
<ownerDesignName>JobOverview</ownerDesignName>
<allowColumnReorder>false</allowColumnReorder>
<existDependencyGenerateInDDl>true</existDependencyGenerateInDDl>
<parsed>true</parsed>
<columns itemClass="oracle.dbtools.crest.model.design.relational.Column">
<Column name="Code" id="1CED5BE4-5423-A308-9F11-F989892F978A">
<createdBy>bguillaumin</createdBy>
<createdTime>2017-04-20 13:12:12 UTC</createdTime>
<generatorID>07A6BB09-159E-0EAD-9F54-EA80F5FF434A</generatorID>
<ownerDesignName>JobOverview</ownerDesignName>
<use>0</use>
<logicalDatatype>LOGDT037</logicalDatatype>
<domain>C6D3D085-84A5-0236-0E3C-208424306CD9</domain>
<ownDataTypeParameters>,,</ownDataTypeParameters>
<autoIncrementCycle>false</autoIncrementCycle>
</Column>
<Column name="Libelle" id="6BF64570-0143-4940-8F82-6C5CFC13A0F5">
<createdBy>bguillaumin</createdBy>
<createdTime>2017-04-20 13:12:12 UTC</createdTime>
<generatorID>2E8003E2-D22A-45DE-987C-D1BBCB683E04</generatorID>
<ownerDesignName>JobOverview</ownerDesignName>
<use>0</use>
<logicalDatatype>LOGDT037</logicalDatatype>
<domain>DD5661EB-2B04-4455-086E-3B585D81978B</domain>
<ownDataTypeParameters>,,</ownDataTypeParameters>
<autoIncrementCycle>false</autoIncrementCycle>
</Column>
</columns>
<indexes itemClass="oracle.dbtools.crest.model.design.relational.Index">
<ind_PK_UK id="B219AE47-3737-2F18-9515-FBB843DA28AE" name="ActiviteAnnexe_PKv1">
<createdBy>bguillaumin</createdBy>
<createdTime>2017-04-20 13:12:12 UTC</createdTime>
<generatorID>96CEEDCA-415B-F8FC-B867-804CE729E59D</generatorID>
<ownerDesignName>JobOverview</ownerDesignName>
<pk>true</pk>
<indexState>Primary Constraint</indexState>
<isSurrogateKey>false</isSurrogateKey>
<indexColumnUsage>
<colUsage columnID="1CED5BE4-5423-A308-9F11-F989892F978A"/>
</indexColumnUsage>
</ind_PK_UK>
</indexes>
</Table>