<?xml version = '1.0' encoding = 'UTF-8'?>
<Table class="oracle.dbtools.crest.model.design.relational.Table" directorySegmentName="seg_0" id="A86EE298-F400-CCD9-F925-7AC41951BECB" schemaObject="CEA11089-C5B9-4DC5-51FB-B8E159C571E1" name="Productivité">
<createdBy>bguillaumin</createdBy>
<createdTime>2017-04-20 11:34:35 UTC</createdTime>
<ownerDesignName>JobOverview</ownerDesignName>
<ordsAlias>productivite</ordsAlias>
<allowColumnReorder>false</allowColumnReorder>
<existDependencyGenerateInDDl>true</existDependencyGenerateInDDl>
<parsed>true</parsed>
<columns itemClass="oracle.dbtools.crest.model.design.relational.Column">
<Column name="Equipe_Id" id="76256322-D254-62C4-9170-0215478843FD">
<createdBy>bguillaumin</createdBy>
<createdTime>2017-04-20 11:34:35 UTC</createdTime>
<ownerDesignName>JobOverview</ownerDesignName>
<use>0</use>
<logicalDatatype>LOGDT011</logicalDatatype>
<domain>2733833C-2C23-4751-860F-2BE773CE8BB3</domain>
<ownDataTypeParameters>,,</ownDataTypeParameters>
<previousColumn>false</previousColumn>
<autoIncrementCycle>false</autoIncrementCycle>
<associations>
<colAssociation fkAssociation="723E45A6-EC52-17D0-55B9-4147D9771F15" referredColumn="279B116B-10EA-A2F1-1C2D-777DA0AA5121"/>
</associations>
</Column>
<Column name="Personne_Ident" id="CE2E9D5D-F85E-2E5F-10C6-47F454533596">
<createdBy>bguillaumin</createdBy>
<createdTime>2017-04-20 11:34:35 UTC</createdTime>
<ownerDesignName>JobOverview</ownerDesignName>
<use>0</use>
<logicalDatatype>LOGDT037</logicalDatatype>
<domain>C6D3D085-84A5-0236-0E3C-208424306CD9</domain>
<ownDataTypeParameters>,,</ownDataTypeParameters>
<previousColumn>false</previousColumn>
<autoIncrementCycle>false</autoIncrementCycle>
<associations>
<colAssociation fkAssociation="53EF834E-6ED8-DD77-05A6-BDDBB5ADF183" referredColumn="5537DDAB-521E-B897-697E-72F1BDB13AEA"/>
</associations>
</Column>
<Column name="DateArrivée" id="7EC70444-8603-275C-9723-1AE105166423">
<createdBy>bguillaumin</createdBy>
<createdTime>2017-04-20 11:34:35 UTC</createdTime>
<generatorID>46ED1CFF-3A19-9D25-0485-BEB79ABFEA50</generatorID>
<ownerDesignName>JobOverview</ownerDesignName>
<use>0</use>
<logicalDatatype>LOGDT007</logicalDatatype>
<domain>A833FC96-CD02-5F85-E806-881523064D21</domain>
<ownDataTypeParameters>,,</ownDataTypeParameters>
<autoIncrementCycle>false</autoIncrementCycle>
<isRelationshipColumn>true</isRelationshipColumn>
<isDependOnFK_AsMandatory>true</isDependOnFK_AsMandatory>
</Column>
<Column name="Taux" id="FE27E12D-F636-7F62-E3CF-08D713B09E0E">
<createdBy>bguillaumin</createdBy>
<createdTime>2017-04-20 11:34:35 UTC</createdTime>
<generatorID>9E07DE25-EFF3-68BA-AAE9-F6B2705E31A1</generatorID>
<ownerDesignName>JobOverview</ownerDesignName>
<useDomainConstraints>false</useDomainConstraints>
<use>1</use>
<logicalDatatype>LOGDT011</logicalDatatype>
<ownDataTypeParameters>,,</ownDataTypeParameters>
<autoIncrementCycle>false</autoIncrementCycle>
<isRelationshipColumn>true</isRelationshipColumn>
<isDependOnFK_AsMandatory>true</isDependOnFK_AsMandatory>
</Column>
</columns>
<indexes itemClass="oracle.dbtools.crest.model.design.relational.Index">
<ind_PK_UK id="E71FCDA6-023C-EFD2-97CC-83999CE15579" name="Productivité_PK">
<createdBy>bguillaumin</createdBy>
<createdTime>2017-04-20 11:34:35 UTC</createdTime>
<ownerDesignName>JobOverview</ownerDesignName>
<pk>true</pk>
<indexState>Primary Constraint</indexState>
<isSurrogateKey>false</isSurrogateKey>
<indexColumnUsage>
<colUsage columnID="76256322-D254-62C4-9170-0215478843FD"/>
<colUsage columnID="CE2E9D5D-F85E-2E5F-10C6-47F454533596"/>
</indexColumnUsage>
</ind_PK_UK>
<ind_PK_UK id="3178B7F0-FB0B-F8AA-CD84-D24DBEC393AA" name="FK_ASS_7">
<createdBy>bguillaumin</createdBy>
<createdTime>2017-04-20 11:34:35 UTC</createdTime>
<generatorID>F43120B4-4C88-365B-EAFF-27F34C147743</generatorID>
<ownerDesignName>JobOverview</ownerDesignName>
<indexState>Foreign Key</indexState>
<isSurrogateKey>false</isSurrogateKey>
<indexColumnUsage>
<colUsage columnID="76256322-D254-62C4-9170-0215478843FD"/>
</indexColumnUsage>
</ind_PK_UK>
<ind_PK_UK id="AE58C2BF-8521-7095-0168-196D8921DC5D" name="FK_ASS_40">
<createdBy>bguillaumin</createdBy>
<createdTime>2017-04-20 14:39:16 UTC</createdTime>
<generatorID>F43120B4-4C88-365B-EAFF-27F34C147743</generatorID>
<ownerDesignName>JobOverview</ownerDesignName>
<indexState>Foreign Key</indexState>
<isSurrogateKey>false</isSurrogateKey>
<indexColumnUsage>
<colUsage columnID="CE2E9D5D-F85E-2E5F-10C6-47F454533596"/>
</indexColumnUsage>
</ind_PK_UK>
</indexes>
</Table>