<?xml version = '1.0' encoding = 'UTF-8'?>
<Table class="oracle.dbtools.crest.model.design.relational.Table" directorySegmentName="seg_0" id="B36F3C9E-050E-91C5-4735-50543F46DFB3" name="Tache">
<createdBy>bguillaumin</createdBy>
<createdTime>2017-04-20 14:39:16 UTC</createdTime>
<generatorID>439504C5-31D3-6140-4A80-8F9EF79A2B66</generatorID>
<ownerDesignName>JobOverview</ownerDesignName>
<allowColumnReorder>false</allowColumnReorder>
<existDependencyGenerateInDDl>true</existDependencyGenerateInDDl>
<parsed>true</parsed>
<columns itemClass="oracle.dbtools.crest.model.design.relational.Column">
<Column name="Id" id="D79DBF9B-ED0F-FC5D-18C7-B5F80327B040">
<createdBy>bguillaumin</createdBy>
<createdTime>2017-04-20 14:39:16 UTC</createdTime>
<generatorID>14C4C5D3-4798-84C3-DC1C-A7C2F9D93C27</generatorID>
<ownerDesignName>JobOverview</ownerDesignName>
<use>0</use>
<logicalDatatype>LOGDT011</logicalDatatype>
<domain>2733833C-2C23-4751-860F-2BE773CE8BB3</domain>
<ownDataTypeParameters>,,</ownDataTypeParameters>
<autoIncrementCycle>false</autoIncrementCycle>
</Column>
<Column name="Libelle" id="894D05E1-45DA-A449-0123-A3826D882DE1">
<createdBy>bguillaumin</createdBy>
<createdTime>2017-04-20 14:39:16 UTC</createdTime>
<generatorID>F1D9B042-8C80-6CF4-6BEB-A7FF53B4F3C1</generatorID>
<ownerDesignName>JobOverview</ownerDesignName>
<use>0</use>
<logicalDatatype>LOGDT037</logicalDatatype>
<domain>DD5661EB-2B04-4455-086E-3B585D81978B</domain>
<ownDataTypeParameters>,,</ownDataTypeParameters>
<autoIncrementCycle>false</autoIncrementCycle>
</Column>
<Column name="Descript" id="D762AD21-DB79-973F-CE11-FBEC7A11B754">
<createdBy>bguillaumin</createdBy>
<createdTime>2017-04-20 14:39:16 UTC</createdTime>
<generatorID>D81CBAFE-321E-C3A1-642A-F887F6E8BD2F</generatorID>
<ownerDesignName>JobOverview</ownerDesignName>
<nullsAllowed>true</nullsAllowed>
<use>0</use>
<logicalDatatype>LOGDT037</logicalDatatype>
<domain>DD5661EB-2B04-4455-086E-3B585D81978B</domain>
<ownDataTypeParameters>,,</ownDataTypeParameters>
<autoIncrementCycle>false</autoIncrementCycle>
</Column>
</columns>
<indexes itemClass="oracle.dbtools.crest.model.design.relational.Index">
<ind_PK_UK id="FAFACC9C-888E-5A1C-BA7D-901BCE2B853E" name="Tache_PK">
<createdBy>bguillaumin</createdBy>
<createdTime>2017-04-20 14:39:16 UTC</createdTime>
<generatorID>22AF03FF-46A4-F43A-2D41-1F6E810C2371</generatorID>
<ownerDesignName>JobOverview</ownerDesignName>
<pk>true</pk>
<indexState>Primary Constraint</indexState>
<isSurrogateKey>false</isSurrogateKey>
<indexColumnUsage>
<colUsage columnID="D79DBF9B-ED0F-FC5D-18C7-B5F80327B040"/>
</indexColumnUsage>
</ind_PK_UK>
</indexes>
</Table>