<?xml version = '1.0' encoding = 'UTF-8'?>
<Table class="oracle.dbtools.crest.model.design.relational.Table" directorySegmentName="seg_0" id="C8A1A711-B8F7-2133-E591-FB303AD8C58E" schemaObject="CEA11089-C5B9-4DC5-51FB-B8E159C571E1" name="Annexe">
<createdBy>bguillaumin</createdBy>
<createdTime>2017-04-20 11:34:35 UTC</createdTime>
<generatorID>DD0A4DEA-A50A-134F-A103-7C8984150C7B</generatorID>
<ownerDesignName>JobOverview</ownerDesignName>
<allowColumnReorder>false</allowColumnReorder>
<existDependencyGenerateInDDl>true</existDependencyGenerateInDDl>
<parsed>true</parsed>
<columns itemClass="oracle.dbtools.crest.model.design.relational.Column">
<Column name="Id" id="3DF353FC-DA1E-934A-415D-49F8E0AADFFF">
<createdBy>bguillaumin</createdBy>
<createdTime>2017-04-20 11:34:35 UTC</createdTime>
<generatorID>14C4C5D3-4798-84C3-DC1C-A7C2F9D93C27</generatorID>
<ownerDesignName>JobOverview</ownerDesignName>
<use>0</use>
<logicalDatatype>LOGDT011</logicalDatatype>
<domain>2733833C-2C23-4751-860F-2BE773CE8BB3</domain>
<ownDataTypeParameters>,,</ownDataTypeParameters>
<autoIncrementCycle>false</autoIncrementCycle>
<associations>
<colAssociation fkAssociation="ECCC4632-8090-DF49-226F-E5D755D48813" referredColumn="D79DBF9B-ED0F-FC5D-18C7-B5F80327B040"/>
</associations>
</Column>
<Column name="ActiviteAnnexe_Code" id="36A5F774-ACF1-1539-F35F-BA0A092E8AF7">
<createdBy>bguillaumin</createdBy>
<createdTime>2017-04-20 12:54:13 UTC</createdTime>
<generatorID>6B18D0AC-4780-74DD-A538-1396BBE2D5EF</generatorID>
<ownerDesignName>JobOverview</ownerDesignName>
<use>0</use>
<logicalDatatype>LOGDT037</logicalDatatype>
<domain>C6D3D085-84A5-0236-0E3C-208424306CD9</domain>
<ownDataTypeParameters>,,</ownDataTypeParameters>
<previousColumn>false</previousColumn>
<autoIncrementCycle>false</autoIncrementCycle>
<associations>
<colAssociation fkAssociation="3A3D1848-6947-C9BA-BCFF-6CA5B7F219DF" referredColumn="1CED5BE4-5423-A308-9F11-F989892F978A"/>
</associations>
</Column>
</columns>
<indexes itemClass="oracle.dbtools.crest.model.design.relational.Index">
<ind_PK_UK id="18C14799-2BF0-B20A-FC35-4C938E5C5968" name="Annexe_PKv1">
<createdBy>bguillaumin</createdBy>
<createdTime>2017-04-20 11:34:35 UTC</createdTime>
<generatorID>22AF03FF-46A4-F43A-2D41-1F6E810C2371</generatorID>
<ownerDesignName>JobOverview</ownerDesignName>
<pk>true</pk>
<indexState>Primary Constraint</indexState>
<isSurrogateKey>false</isSurrogateKey>
<indexColumnUsage>
<colUsage columnID="3DF353FC-DA1E-934A-415D-49F8E0AADFFF"/>
</indexColumnUsage>
</ind_PK_UK>
<ind_PK_UK id="8C483245-2DF7-E3EF-0F6B-F2E1FC2B9777" name="Annexe_ActiviteAnnexe_FK">
<createdBy>bguillaumin</createdBy>
<createdTime>2017-04-20 13:12:12 UTC</createdTime>
<generatorID>984B7D40-EC3B-C4FF-9AE6-37292D997E37</generatorID>
<ownerDesignName>JobOverview</ownerDesignName>
<indexState>Foreign Key</indexState>
<isSurrogateKey>false</isSurrogateKey>
<indexColumnUsage>
<colUsage columnID="36A5F774-ACF1-1539-F35F-BA0A092E8AF7"/>
</indexColumnUsage>
</ind_PK_UK>
<ind_PK_UK id="CD8DB609-D24A-244B-F157-4CBA039D9472" name="Annexe_Tache_FK">
<createdBy>bguillaumin</createdBy>
<createdTime>2017-04-20 14:39:16 UTC</createdTime>
<generatorID>BA8DB557-58DB-99BE-9E50-E37A06959942</generatorID>
<ownerDesignName>JobOverview</ownerDesignName>
<indexState>Foreign Key</indexState>
<isSurrogateKey>false</isSurrogateKey>
<indexColumnUsage>
<colUsage columnID="3DF353FC-DA1E-934A-415D-49F8E0AADFFF"/>
</indexColumnUsage>
</ind_PK_UK>
</indexes>
</Table>