<?xml version = '1.0' encoding = 'UTF-8'?>
<Table class="oracle.dbtools.crest.model.design.relational.Table" directorySegmentName="seg_0" id="DBF784D1-5B33-4354-5995-F7BD6B23F4CE" schemaObject="CEA11089-C5B9-4DC5-51FB-B8E159C571E1" name="Servic">
<createdBy>bguillaumin</createdBy>
<createdTime>2017-04-20 11:34:35 UTC</createdTime>
<generatorID>90B5F4A4-E63C-1EAA-BB8B-8455687E2EB2</generatorID>
<ownerDesignName>JobOverview</ownerDesignName>
<allowColumnReorder>false</allowColumnReorder>
<existDependencyGenerateInDDl>true</existDependencyGenerateInDDl>
<parsed>true</parsed>
<columns itemClass="oracle.dbtools.crest.model.design.relational.Column">
<Column name="Id" id="A1A3C051-3AA9-4C5A-F7AC-DD33BB1F4E86">
<createdBy>bguillaumin</createdBy>
<createdTime>2017-04-20 11:34:35 UTC</createdTime>
<generatorID>C747A71B-EEE4-97C9-9B8A-C7B286E85E11</generatorID>
<ownerDesignName>JobOverview</ownerDesignName>
<use>0</use>
<logicalDatatype>LOGDT011</logicalDatatype>
<domain>2733833C-2C23-4751-860F-2BE773CE8BB3</domain>
<ownDataTypeParameters>,,</ownDataTypeParameters>
<autoIncrementCycle>false</autoIncrementCycle>
</Column>
<Column name="Libelle" id="8C709770-F41A-6127-BD88-F4A60C2F551B">
<createdBy>bguillaumin</createdBy>
<createdTime>2017-04-20 11:34:35 UTC</createdTime>
<generatorID>6DB1716F-D7BC-03F6-9C65-BAA2B13AC4C4</generatorID>
<ownerDesignName>JobOverview</ownerDesignName>
<use>0</use>
<logicalDatatype>LOGDT037</logicalDatatype>
<domain>DD5661EB-2B04-4455-086E-3B585D81978B</domain>
<ownDataTypeParameters>,,</ownDataTypeParameters>
<autoIncrementCycle>false</autoIncrementCycle>
</Column>
</columns>
<indexes itemClass="oracle.dbtools.crest.model.design.relational.Index">
<ind_PK_UK id="5508AC0D-0186-18E1-D9C5-7A8617325E48" name="Servic_PK">
<createdBy>bguillaumin</createdBy>
<createdTime>2017-04-20 11:34:35 UTC</createdTime>
<generatorID>9FF5C834-D573-81A2-475D-8379879BD83F</generatorID>
<ownerDesignName>JobOverview</ownerDesignName>
<pk>true</pk>
<indexState>Primary Constraint</indexState>
<isSurrogateKey>false</isSurrogateKey>
<indexColumnUsage>
<colUsage columnID="A1A3C051-3AA9-4C5A-F7AC-DD33BB1F4E86"/>
</indexColumnUsage>
</ind_PK_UK>
</indexes>
</Table>