<?xml version = '1.0' encoding = 'UTF-8'?>
<Table class="oracle.dbtools.crest.model.design.relational.Table" directorySegmentName="seg_0" id="F8E7875C-A675-76A9-F43C-C45405A440C8" name="Personne">
<createdBy>bguillaumin</createdBy>
<createdTime>2017-04-20 14:39:16 UTC</createdTime>
<generatorID>0F59BCED-E849-92BD-74F4-1FA89DBD0EE1</generatorID>
<ownerDesignName>JobOverview</ownerDesignName>
<allowColumnReorder>false</allowColumnReorder>
<existDependencyGenerateInDDl>true</existDependencyGenerateInDDl>
<parsed>true</parsed>
<columns itemClass="oracle.dbtools.crest.model.design.relational.Column">
<Column name="Ident" id="5537DDAB-521E-B897-697E-72F1BDB13AEA">
<createdBy>bguillaumin</createdBy>
<createdTime>2017-04-20 14:39:16 UTC</createdTime>
<generatorID>01EC7F53-B225-A7C3-6E15-F12E37D0E295</generatorID>
<ownerDesignName>JobOverview</ownerDesignName>
<use>0</use>
<logicalDatatype>LOGDT037</logicalDatatype>
<domain>C6D3D085-84A5-0236-0E3C-208424306CD9</domain>
<ownDataTypeParameters>,,</ownDataTypeParameters>
<autoIncrementCycle>false</autoIncrementCycle>
</Column>
<Column name="Nom" id="52DBC0EA-8CBB-C701-46CE-E9B472DEF6CB">
<createdBy>bguillaumin</createdBy>
<createdTime>2017-04-20 14:39:16 UTC</createdTime>
<generatorID>F6B1A0C2-DC66-EFB5-326D-22AF5F75462E</generatorID>
<ownerDesignName>JobOverview</ownerDesignName>
<use>0</use>
<logicalDatatype>LOGDT037</logicalDatatype>
<domain>DD5661EB-2B04-4455-086E-3B585D81978B</domain>
<ownDataTypeParameters>,,</ownDataTypeParameters>
<autoIncrementCycle>false</autoIncrementCycle>
</Column>
<Column name="Prenom" id="0DA66FF0-317C-7980-DB50-E0B130A66678">
<createdBy>bguillaumin</createdBy>
<createdTime>2017-04-20 14:39:16 UTC</createdTime>
<generatorID>505EE9DB-637F-E07D-32F0-8856BD076C0E</generatorID>
<ownerDesignName>JobOverview</ownerDesignName>
<use>0</use>
<logicalDatatype>LOGDT037</logicalDatatype>
<domain>DD5661EB-2B04-4455-086E-3B585D81978B</domain>
<ownDataTypeParameters>,,</ownDataTypeParameters>
<autoIncrementCycle>false</autoIncrementCycle>
</Column>
<Column name="Manager" id="4D9EAB6C-E3E0-6F28-04AE-0C78F01E281A">
<createdBy>bguillaumin</createdBy>
<createdTime>2017-04-20 14:39:16 UTC</createdTime>
<generatorID>BFB0C8AD-C5DC-9977-89A0-99A413E8912F</generatorID>
<ownerDesignName>JobOverview</ownerDesignName>
<nullsAllowed>true</nullsAllowed>
<use>0</use>
<logicalDatatype>LOGDT037</logicalDatatype>
<domain>C6D3D085-84A5-0236-0E3C-208424306CD9</domain>
<ownDataTypeParameters>,,</ownDataTypeParameters>
<previousColumn>false</previousColumn>
<autoIncrementCycle>false</autoIncrementCycle>
<associations>
<colAssociation fkAssociation="78D27A25-FDB2-FC45-D15A-143B6FB17335" referredColumn="5537DDAB-521E-B897-697E-72F1BDB13AEA"/>
</associations>
</Column>
<Column name="Métier_Code" id="1A192351-2DEC-9B92-4A1F-B617A68320FE">
<createdBy>bguillaumin</createdBy>
<createdTime>2017-04-20 14:39:16 UTC</createdTime>
<generatorID>C469575D-24AD-6474-CD26-6D49386AFE20</generatorID>
<ownerDesignName>JobOverview</ownerDesignName>
<use>0</use>
<logicalDatatype>LOGDT037</logicalDatatype>
<domain>C6D3D085-84A5-0236-0E3C-208424306CD9</domain>
<ownDataTypeParameters>,,</ownDataTypeParameters>
<previousColumn>false</previousColumn>
<autoIncrementCycle>false</autoIncrementCycle>
<associations>
<colAssociation fkAssociation="15C0D428-CDBD-73B0-6492-0665656181F0" referredColumn="24537E55-1EF8-3EA4-896F-19B329DD73E3"/>
</associations>
</Column>
</columns>
<indexes itemClass="oracle.dbtools.crest.model.design.relational.Index">
<ind_PK_UK id="1972AB21-0B9A-1AD1-B8FC-29D17CBD7568" name="Personne_PKv1">
<createdBy>bguillaumin</createdBy>
<createdTime>2017-04-20 14:39:16 UTC</createdTime>
<generatorID>D1DF233A-2456-678E-24AB-476DFBA9683A</generatorID>
<ownerDesignName>JobOverview</ownerDesignName>
<pk>true</pk>
<indexState>Primary Constraint</indexState>
<isSurrogateKey>false</isSurrogateKey>
<indexColumnUsage>
<colUsage columnID="5537DDAB-521E-B897-697E-72F1BDB13AEA"/>
</indexColumnUsage>
</ind_PK_UK>
<ind_PK_UK id="6325F92D-CF11-6359-1B8E-EFD94B88B044" name="Personne_Personne_FK">
<createdBy>bguillaumin</createdBy>
<createdTime>2017-04-20 14:39:16 UTC</createdTime>
<generatorID>C818B00F-7323-A815-751C-E383A6371A38</generatorID>
<ownerDesignName>JobOverview</ownerDesignName>
<indexState>Foreign Key</indexState>
<isSurrogateKey>false</isSurrogateKey>
<indexColumnUsage>
<colUsage columnID="4D9EAB6C-E3E0-6F28-04AE-0C78F01E281A"/>
</indexColumnUsage>
</ind_PK_UK>
<ind_PK_UK id="4912B258-7E76-1641-88E6-632DF1AA888D" name="Personne_Métier_FK">
<createdBy>bguillaumin</createdBy>
<createdTime>2017-04-20 14:39:16 UTC</createdTime>
<generatorID>9851F69C-D09B-B400-6D32-64BD7B898238</generatorID>
<ownerDesignName>JobOverview</ownerDesignName>
<indexState>Foreign Key</indexState>
<isSurrogateKey>false</isSurrogateKey>
<indexColumnUsage>
<colUsage columnID="1A192351-2DEC-9B92-4A1F-B617A68320FE"/>
</indexColumnUsage>
</ind_PK_UK>
</indexes>
</Table>