<?xml version = '1.0' encoding = 'UTF-8'?>
<Relation class="oracle.dbtools.crest.model.design.logical.InheritanceRelation" name="Hierarchy_2" directorySegmentName="seg_0" id="BA8DB557-58DB-99BE-9E50-E37A06959942">
<createdBy>bguillaumin</createdBy>
<createdTime>2017-04-20 08:03:48 UTC</createdTime>
<ownerDesignName>JobOverview</ownerDesignName>
<engineerTo>
<item key="56ADB870-93F3-30D4-4A8B-2900B6E9DE75" value="true"/>
</engineerTo>
<identifying>false</identifying>
<nameOnSource>Super Type</nameOnSource>
<nameOnTarget>Sub Type</nameOnTarget>
<optionalSource>true</optionalSource>
<optionalTarget>true</optionalTarget>
<sourceEntity>439504C5-31D3-6140-4A80-8F9EF79A2B66</sourceEntity>
<targetEntity>DD0A4DEA-A50A-134F-A103-7C8984150C7B</targetEntity>
<transferable>true</transferable>
<deleteRule>NO ACTION</deleteRule>
</Relation>