<?xml version = '1.0' encoding = 'UTF-8'?>
<Entity class="oracle.dbtools.crest.model.design.logical.Entity" directorySegmentName="seg_0" id="07260BCC-A3EF-8F75-A002-C70F41EECABD" name="Production">
<createdBy>bguillaumin</createdBy>
<createdTime>2017-04-20 07:54:18 UTC</createdTime>
<ownerDesignName>JobOverview</ownerDesignName>
<engineerTo>
<item key="56ADB870-93F3-30D4-4A8B-2900B6E9DE75" value="true"/>
</engineerTo>
<adequatelyNormalized>NO</adequatelyNormalized>
<expectedVolumes>0</expectedVolumes>
<fwdEngineeringStrategyName>Single Table</fwdEngineeringStrategyName>
<growthPercent>0</growthPercent>
<growthType>Year</growthType>
<hierarchicalParent>439504C5-31D3-6140-4A80-8F9EF79A2B66</hierarchicalParent>
<maxVolumes>9999999</maxVolumes>
<minVolumes>0</minVolumes>
<normalForm>Third</normalForm>
<attributes itemClass="oracle.dbtools.crest.model.design.logical.Attribute">
<Attribute name="Id" id="86E259CB-2F46-902A-AC49-8FA5866C9E7D">
<createdBy>bguillaumin</createdBy>
<createdTime>2017-04-20 08:02:33 UTC</createdTime>
<ownerDesignName>JobOverview</ownerDesignName>
<engineerTo>
<item key="56ADB870-93F3-30D4-4A8B-2900B6E9DE75" value="true"/>
</engineerTo>
<use>0</use>
<logicalDatatype>LOGDT011</logicalDatatype>
<domain>2733833C-2C23-4751-860F-2BE773CE8BB3</domain>
<ownDataTypeParameters>,,</ownDataTypeParameters>
</Attribute>
<Attribute name="Avancement" id="28A62628-C0EC-B954-9F21-6444D2B8E7B7">
<createdBy>bguillaumin</createdBy>
<createdTime>2017-04-20 08:02:03 UTC</createdTime>
<ownerDesignName>JobOverview</ownerDesignName>
<engineerTo>
<item key="56ADB870-93F3-30D4-4A8B-2900B6E9DE75" value="true"/>
</engineerTo>
<useDomainConstraints>false</useDomainConstraints>
<use>1</use>
<logicalDatatype>LOGDT011</logicalDatatype>
<ownDataTypeParameters>,,</ownDataTypeParameters>
</Attribute>
<Attribute name="PrevisionInitiale" id="CCBA8DB7-F330-C224-83EA-C1EC27FF9763">
<createdBy>bguillaumin</createdBy>
<createdTime>2017-04-20 08:19:30 UTC</createdTime>
<ownerDesignName>JobOverview</ownerDesignName>
<engineerTo>
<item key="56ADB870-93F3-30D4-4A8B-2900B6E9DE75" value="true"/>
</engineerTo>
<useDomainConstraints>false</useDomainConstraints>
<use>1</use>
<logicalDatatype>LOGDT011</logicalDatatype>
<ownDataTypeParameters>,,</ownDataTypeParameters>
</Attribute>
<Attribute name="DureePrevue" id="36CB474D-5D28-11BA-235B-64E7E7C5B5C6">
<createdBy>bguillaumin</createdBy>
<createdTime>2017-04-20 08:08:49 UTC</createdTime>
<ownerDesignName>JobOverview</ownerDesignName>
<engineerTo>
<item key="56ADB870-93F3-30D4-4A8B-2900B6E9DE75" value="true"/>
</engineerTo>
<nullsAllowed>true</nullsAllowed>
<useDomainConstraints>false</useDomainConstraints>
<use>1</use>
<logicalDatatype>LOGDT011</logicalDatatype>
<ownDataTypeParameters>,,</ownDataTypeParameters>
</Attribute>
<Attribute name="EstimationTempsRestant" id="FEE7389D-C2C9-8BC1-7578-AFC0CCC887E0">
<createdBy>bguillaumin</createdBy>
<createdTime>2017-04-20 08:18:39 UTC</createdTime>
<ownerDesignName>JobOverview</ownerDesignName>
<engineerTo>
<item key="56ADB870-93F3-30D4-4A8B-2900B6E9DE75" value="true"/>
</engineerTo>
<nullsAllowed>true</nullsAllowed>
<useDomainConstraints>false</useDomainConstraints>
<use>1</use>
<logicalDatatype>LOGDT011</logicalDatatype>
<ownDataTypeParameters>,,</ownDataTypeParameters>
</Attribute>
<Attribute name="Code" id="AB13D9E6-6B18-089D-C392-1ADD778DD5F4">
<createdBy>bguillaumin</createdBy>
<createdTime>2017-04-20 08:14:54 UTC</createdTime>
<generatorID>2E4C68CF-D279-743B-DC23-10798FF03985</generatorID>
<ownerDesignName>JobOverview</ownerDesignName>
<engineerTo>
<item key="56ADB870-93F3-30D4-4A8B-2900B6E9DE75" value="true"/>
</engineerTo>
<referedAttribute>27A0016E-8692-515D-53F4-79ED3358CE9D</referedAttribute>
<use>0</use>
<logicalDatatype>LOGDT037</logicalDatatype>
<domain>C6D3D085-84A5-0236-0E3C-208424306CD9</domain>
<ownDataTypeParameters>,,</ownDataTypeParameters>
</Attribute>
<Attribute name="CodeId" id="716624C1-641D-E007-92A4-0E0CA4971629">
<createdBy>bguillaumin</createdBy>
<createdTime>2017-04-20 08:16:27 UTC</createdTime>
<generatorID>6D214272-272E-E5DE-B437-23528965A1B4</generatorID>
<ownerDesignName>JobOverview</ownerDesignName>
<engineerTo>
<item key="56ADB870-93F3-30D4-4A8B-2900B6E9DE75" value="true"/>
</engineerTo>
<referedAttribute>43D3E730-426C-C94D-4BB8-D8090D801668</referedAttribute>
<use>0</use>
<logicalDatatype>LOGDT037</logicalDatatype>
<domain>C6D3D085-84A5-0236-0E3C-208424306CD9</domain>
<ownDataTypeParameters>,,</ownDataTypeParameters>
</Attribute>
<Attribute name="DateDebut" id="172899C8-B871-590E-4E5F-FAD65D8509E7">
<createdBy>bguillaumin</createdBy>
<createdTime>2017-04-20 08:28:41 UTC</createdTime>
<ownerDesignName>JobOverview</ownerDesignName>
<engineerTo>
<item key="56ADB870-93F3-30D4-4A8B-2900B6E9DE75" value="true"/>
</engineerTo>
<nullsAllowed>true</nullsAllowed>
<use>0</use>
<logicalDatatype>LOGDT007</logicalDatatype>
<domain>A833FC96-CD02-5F85-E806-881523064D21</domain>
<ownDataTypeParameters>,,</ownDataTypeParameters>
</Attribute>
<Attribute name="DateFin" id="7AEA8594-0032-5351-E0BA-1F88CC3DAEE9">
<createdBy>bguillaumin</createdBy>
<createdTime>2017-04-20 08:28:50 UTC</createdTime>
<ownerDesignName>JobOverview</ownerDesignName>
<engineerTo>
<item key="56ADB870-93F3-30D4-4A8B-2900B6E9DE75" value="true"/>
</engineerTo>
<nullsAllowed>true</nullsAllowed>
<use>0</use>
<logicalDatatype>LOGDT007</logicalDatatype>
<domain>A833FC96-CD02-5F85-E806-881523064D21</domain>
<ownDataTypeParameters>,,</ownDataTypeParameters>
</Attribute>
<Attribute name="IdUnique" id="C11015E9-5A06-DE25-AA10-5C876A575E71">
<createdBy>bguillaumin</createdBy>
<createdTime>2017-04-20 11:30:57 UTC</createdTime>
<generatorID>E6AF8BDA-9532-D282-043D-120B9AF275D5</generatorID>
<ownerDesignName>JobOverview</ownerDesignName>
<engineerTo>
<item key="56ADB870-93F3-30D4-4A8B-2900B6E9DE75" value="true"/>
</engineerTo>
<referedAttribute>B1D8D735-5676-EA7B-440A-604647CE1D01</referedAttribute>
<use>0</use>
<logicalDatatype>LOGDT037</logicalDatatype>
<domain>C6D3D085-84A5-0236-0E3C-208424306CD9</domain>
<ownDataTypeParameters>,,</ownDataTypeParameters>
</Attribute>
</attributes>
<identifiers itemClass="oracle.dbtools.crest.model.design.logical.CandidateKey">
<identifier id="882F3461-79BC-B64A-71CD-EECED16B9217" name="Production PK">
<createdBy>bguillaumin</createdBy>
<createdTime>2017-04-20 08:02:36 UTC</createdTime>
<ownerDesignName>JobOverview</ownerDesignName>
<engineerTo>
<item key="56ADB870-93F3-30D4-4A8B-2900B6E9DE75" value="true"/>
</engineerTo>
<pk>true</pk>
<usedAttributes>
<attributeRef>86E259CB-2F46-902A-AC49-8FA5866C9E7D</attributeRef>
</usedAttributes>
</identifier>
</identifiers>
</Entity>