<?xml version = '1.0' encoding = 'UTF-8'?>
<Entity class="oracle.dbtools.crest.model.design.logical.Entity" directorySegmentName="seg_0" id="0F59BCED-E849-92BD-74F4-1FA89DBD0EE1" name="Personne">
<createdBy>bguillaumin</createdBy>
<createdTime>2017-04-20 07:25:05 UTC</createdTime>
<ownerDesignName>JobOverview</ownerDesignName>
<engineerTo>
<item key="56ADB870-93F3-30D4-4A8B-2900B6E9DE75" value="true"/>
</engineerTo>
<adequatelyNormalized>NO</adequatelyNormalized>
<expectedVolumes>0</expectedVolumes>
<fwdEngineeringStrategyName>Single Table</fwdEngineeringStrategyName>
<growthPercent>0</growthPercent>
<growthType>Year</growthType>
<maxVolumes>9999999</maxVolumes>
<minVolumes>0</minVolumes>
<normalForm>Third</normalForm>
<attributes itemClass="oracle.dbtools.crest.model.design.logical.Attribute">
<Attribute name="Ident" id="01EC7F53-B225-A7C3-6E15-F12E37D0E295">
<createdBy>bguillaumin</createdBy>
<createdTime>2017-04-20 07:31:18 UTC</createdTime>
<ownerDesignName>JobOverview</ownerDesignName>
<engineerTo>
<item key="56ADB870-93F3-30D4-4A8B-2900B6E9DE75" value="true"/>
</engineerTo>
<use>0</use>
<logicalDatatype>LOGDT037</logicalDatatype>
<domain>C6D3D085-84A5-0236-0E3C-208424306CD9</domain>
<ownDataTypeParameters>,,</ownDataTypeParameters>
</Attribute>
<Attribute name="Ident1" id="BFB0C8AD-C5DC-9977-89A0-99A413E8912F">
<createdBy>bguillaumin</createdBy>
<createdTime>2017-04-20 07:32:08 UTC</createdTime>
<generatorID>C818B00F-7323-A815-751C-E383A6371A38</generatorID>
<ownerDesignName>JobOverview</ownerDesignName>
<engineerTo>
<item key="56ADB870-93F3-30D4-4A8B-2900B6E9DE75" value="true"/>
</engineerTo>
<nullsAllowed>true</nullsAllowed>
<referedAttribute>01EC7F53-B225-A7C3-6E15-F12E37D0E295</referedAttribute>
<use>0</use>
<logicalDatatype>LOGDT037</logicalDatatype>
<domain>C6D3D085-84A5-0236-0E3C-208424306CD9</domain>
<ownDataTypeParameters>,,</ownDataTypeParameters>
</Attribute>
<Attribute name="Code" id="C469575D-24AD-6474-CD26-6D49386AFE20">
<createdBy>bguillaumin</createdBy>
<createdTime>2017-04-20 08:14:32 UTC</createdTime>
<generatorID>9851F69C-D09B-B400-6D32-64BD7B898238</generatorID>
<ownerDesignName>JobOverview</ownerDesignName>
<engineerTo>
<item key="56ADB870-93F3-30D4-4A8B-2900B6E9DE75" value="true"/>
</engineerTo>
<referedAttribute>821A7084-8102-80AB-04E3-97A7C08DE196</referedAttribute>
<use>0</use>
<logicalDatatype>LOGDT037</logicalDatatype>
<domain>C6D3D085-84A5-0236-0E3C-208424306CD9</domain>
<ownDataTypeParameters>,,</ownDataTypeParameters>
</Attribute>
<Attribute name="Nom" id="F6B1A0C2-DC66-EFB5-326D-22AF5F75462E">
<createdBy>bguillaumin</createdBy>
<createdTime>2017-04-20 09:11:05 UTC</createdTime>
<ownerDesignName>JobOverview</ownerDesignName>
<engineerTo>
<item key="56ADB870-93F3-30D4-4A8B-2900B6E9DE75" value="true"/>
</engineerTo>
<use>0</use>
<logicalDatatype>LOGDT037</logicalDatatype>
<domain>DD5661EB-2B04-4455-086E-3B585D81978B</domain>
<ownDataTypeParameters>,,</ownDataTypeParameters>
</Attribute>
<Attribute name="Prenom" id="505EE9DB-637F-E07D-32F0-8856BD076C0E">
<createdBy>bguillaumin</createdBy>
<createdTime>2017-04-20 09:11:13 UTC</createdTime>
<ownerDesignName>JobOverview</ownerDesignName>
<engineerTo>
<item key="56ADB870-93F3-30D4-4A8B-2900B6E9DE75" value="true"/>
</engineerTo>
<use>0</use>
<logicalDatatype>LOGDT037</logicalDatatype>
<domain>DD5661EB-2B04-4455-086E-3B585D81978B</domain>
<ownDataTypeParameters>,,</ownDataTypeParameters>
</Attribute>
</attributes>
<identifiers itemClass="oracle.dbtools.crest.model.design.logical.CandidateKey">
<identifier id="D1DF233A-2456-678E-24AB-476DFBA9683A" name="Personne PK">
<createdBy>bguillaumin</createdBy>
<createdTime>2017-04-20 07:31:28 UTC</createdTime>
<ownerDesignName>JobOverview</ownerDesignName>
<engineerTo>
<item key="56ADB870-93F3-30D4-4A8B-2900B6E9DE75" value="true"/>
</engineerTo>
<pk>true</pk>
<usedAttributes>
<attributeRef>01EC7F53-B225-A7C3-6E15-F12E37D0E295</attributeRef>
</usedAttributes>
</identifier>
</identifiers>
</Entity>