<?xml version = '1.0' encoding = 'UTF-8'?>
<Entity class="oracle.dbtools.crest.model.design.logical.Entity" directorySegmentName="seg_0" id="1256BB18-E0A3-A827-EA6B-32AF00BA2E0D" name="Versio">
<createdBy>bguillaumin</createdBy>
<createdTime>2017-04-20 07:42:18 UTC</createdTime>
<ownerDesignName>JobOverview</ownerDesignName>
<shouldEngineer>false</shouldEngineer>
<engineerTo>
<item key="56ADB870-93F3-30D4-4A8B-2900B6E9DE75" value="false"/>
</engineerTo>
<adequatelyNormalized>NO</adequatelyNormalized>
<expectedVolumes>0</expectedVolumes>
<fwdEngineeringStrategyName>Single Table</fwdEngineeringStrategyName>
<growthPercent>0</growthPercent>
<growthType>Year</growthType>
<maxVolumes>9999999</maxVolumes>
<minVolumes>0</minVolumes>
<normalForm>Third</normalForm>
<attributes itemClass="oracle.dbtools.crest.model.design.logical.Attribute">
<Attribute name="IdUnique" id="B1D8D735-5676-EA7B-440A-604647CE1D01">
<createdBy>bguillaumin</createdBy>
<createdTime>2017-04-20 07:44:34 UTC</createdTime>
<ownerDesignName>JobOverview</ownerDesignName>
<shouldEngineer>false</shouldEngineer>
<engineerTo>
<item key="56ADB870-93F3-30D4-4A8B-2900B6E9DE75" value="false"/>
</engineerTo>
<use>0</use>
<logicalDatatype>LOGDT037</logicalDatatype>
<domain>C6D3D085-84A5-0236-0E3C-208424306CD9</domain>
<ownDataTypeParameters>,,</ownDataTypeParameters>
</Attribute>
<Attribute name="Numero" id="48B314AB-6521-74F1-9043-D97CC1AA7344">
<createdBy>bguillaumin</createdBy>
<createdTime>2017-04-20 07:42:27 UTC</createdTime>
<ownerDesignName>JobOverview</ownerDesignName>
<shouldEngineer>false</shouldEngineer>
<engineerTo>
<item key="56ADB870-93F3-30D4-4A8B-2900B6E9DE75" value="false"/>
</engineerTo>
<use>0</use>
<logicalDatatype>LOGDT037</logicalDatatype>
<domain>C6D3D085-84A5-0236-0E3C-208424306CD9</domain>
<ownDataTypeParameters>,,</ownDataTypeParameters>
</Attribute>
<Attribute name="Millesime" id="1D2E7301-9B61-8AF4-C609-B14C20D6CE57">
<createdBy>bguillaumin</createdBy>
<createdTime>2017-04-20 07:42:43 UTC</createdTime>
<ownerDesignName>JobOverview</ownerDesignName>
<shouldEngineer>false</shouldEngineer>
<engineerTo>
<item key="56ADB870-93F3-30D4-4A8B-2900B6E9DE75" value="false"/>
</engineerTo>
<use>0</use>
<logicalDatatype>LOGDT037</logicalDatatype>
<domain>DD5661EB-2B04-4455-086E-3B585D81978B</domain>
<ownDataTypeParameters>,,</ownDataTypeParameters>
</Attribute>
<Attribute name="DateOuverture" id="5E40D211-AFB5-7D37-F55C-909F75DF5FE3">
<createdBy>bguillaumin</createdBy>
<createdTime>2017-04-20 07:45:02 UTC</createdTime>
<ownerDesignName>JobOverview</ownerDesignName>
<shouldEngineer>false</shouldEngineer>
<engineerTo>
<item key="56ADB870-93F3-30D4-4A8B-2900B6E9DE75" value="false"/>
</engineerTo>
<use>0</use>
<logicalDatatype>LOGDT007</logicalDatatype>
<domain>A833FC96-CD02-5F85-E806-881523064D21</domain>
<ownDataTypeParameters>,,</ownDataTypeParameters>
</Attribute>
<Attribute name="DateSortiePrevu" id="8B3362FB-F23F-F6D4-000F-3679D11F20DE">
<createdBy>bguillaumin</createdBy>
<createdTime>2017-04-20 07:45:11 UTC</createdTime>
<ownerDesignName>JobOverview</ownerDesignName>
<shouldEngineer>false</shouldEngineer>
<engineerTo>
<item key="56ADB870-93F3-30D4-4A8B-2900B6E9DE75" value="false"/>
</engineerTo>
<use>0</use>
<logicalDatatype>LOGDT007</logicalDatatype>
<domain>A833FC96-CD02-5F85-E806-881523064D21</domain>
<ownDataTypeParameters>,,</ownDataTypeParameters>
</Attribute>
<Attribute name="DateSortieReelle" id="97A32E6C-0684-3A3E-C1E4-B603C4A04C6C">
<createdBy>bguillaumin</createdBy>
<createdTime>2017-04-20 07:45:25 UTC</createdTime>
<ownerDesignName>JobOverview</ownerDesignName>
<shouldEngineer>false</shouldEngineer>
<engineerTo>
<item key="56ADB870-93F3-30D4-4A8B-2900B6E9DE75" value="false"/>
</engineerTo>
<nullsAllowed>true</nullsAllowed>
<use>0</use>
<logicalDatatype>LOGDT007</logicalDatatype>
<domain>A833FC96-CD02-5F85-E806-881523064D21</domain>
<ownDataTypeParameters>,,</ownDataTypeParameters>
</Attribute>
<Attribute name="Code" id="2D730800-29F2-E8CD-B696-40804394EF81">
<createdBy>bguillaumin</createdBy>
<createdTime>2017-04-20 11:30:52 UTC</createdTime>
<generatorID>65138EB3-FC10-95D9-BBFD-FADE7FCF7BC9</generatorID>
<ownerDesignName>JobOverview</ownerDesignName>
<engineerTo>
<item key="56ADB870-93F3-30D4-4A8B-2900B6E9DE75" value="true"/>
</engineerTo>
<referedAttribute>9B47DA59-ACB3-CF87-EDE6-800AEBFE1FEB</referedAttribute>
<use>0</use>
<logicalDatatype>LOGDT037</logicalDatatype>
<domain>C6D3D085-84A5-0236-0E3C-208424306CD9</domain>
<ownDataTypeParameters>,,</ownDataTypeParameters>
</Attribute>
</attributes>
<identifiers itemClass="oracle.dbtools.crest.model.design.logical.CandidateKey">
<identifier id="5422D56E-4465-11FC-1724-C81211C8F639" name="Version PK">
<createdBy>bguillaumin</createdBy>
<createdTime>2017-04-20 07:42:41 UTC</createdTime>
<ownerDesignName>JobOverview</ownerDesignName>
<shouldEngineer>false</shouldEngineer>
<engineerTo>
<item key="56ADB870-93F3-30D4-4A8B-2900B6E9DE75" value="false"/>
</engineerTo>
<pk>true</pk>
<usedAttributes>
<attributeRef>B1D8D735-5676-EA7B-440A-604647CE1D01</attributeRef>
</usedAttributes>
</identifier>
</identifiers>
</Entity>