<?xml version = '1.0' encoding = 'UTF-8'?>
<Entity class="oracle.dbtools.crest.model.design.logical.Entity" directorySegmentName="seg_0" id="16B16A31-B119-316A-1C77-245E98489108" name="Equipe">
<createdBy>bguillaumin</createdBy>
<createdTime>2017-04-20 07:24:49 UTC</createdTime>
<ownerDesignName>JobOverview</ownerDesignName>
<shouldEngineer>false</shouldEngineer>
<engineerTo>
<item key="56ADB870-93F3-30D4-4A8B-2900B6E9DE75" value="false"/>
</engineerTo>
<adequatelyNormalized>NO</adequatelyNormalized>
<expectedVolumes>0</expectedVolumes>
<fwdEngineeringStrategyName>Single Table</fwdEngineeringStrategyName>
<growthPercent>0</growthPercent>
<growthType>Year</growthType>
<maxVolumes>9999999</maxVolumes>
<minVolumes>0</minVolumes>
<normalForm>Third</normalForm>
<attributes itemClass="oracle.dbtools.crest.model.design.logical.Attribute">
<Attribute name="Id" id="BA2A0B91-E003-E5BA-C686-964A0F79C77F">
<createdBy>bguillaumin</createdBy>
<createdTime>2017-04-20 09:11:57 UTC</createdTime>
<ownerDesignName>JobOverview</ownerDesignName>
<shouldEngineer>false</shouldEngineer>
<engineerTo>
<item key="56ADB870-93F3-30D4-4A8B-2900B6E9DE75" value="false"/>
</engineerTo>
<use>0</use>
<logicalDatatype>LOGDT011</logicalDatatype>
<domain>2733833C-2C23-4751-860F-2BE773CE8BB3</domain>
<ownDataTypeParameters>,,</ownDataTypeParameters>
</Attribute>
<Attribute name="Libelle" id="C1AB50E4-C223-1D93-756E-C7E4130B2B69">
<createdBy>bguillaumin</createdBy>
<createdTime>2017-04-20 09:12:03 UTC</createdTime>
<ownerDesignName>JobOverview</ownerDesignName>
<shouldEngineer>false</shouldEngineer>
<engineerTo>
<item key="56ADB870-93F3-30D4-4A8B-2900B6E9DE75" value="false"/>
</engineerTo>
<use>0</use>
<logicalDatatype>LOGDT037</logicalDatatype>
<domain>DD5661EB-2B04-4455-086E-3B585D81978B</domain>
<ownDataTypeParameters>,,</ownDataTypeParameters>
</Attribute>
<Attribute name="Id1" id="E9B3E1B2-6D55-604E-71BE-08CF7BAF7091">
<createdBy>bguillaumin</createdBy>
<createdTime>2017-04-20 09:12:41 UTC</createdTime>
<generatorID>72BDE89F-A70A-F805-10DE-72F326845852</generatorID>
<ownerDesignName>JobOverview</ownerDesignName>
<engineerTo>
<item key="56ADB870-93F3-30D4-4A8B-2900B6E9DE75" value="true"/>
</engineerTo>
<referedAttribute>C747A71B-EEE4-97C9-9B8A-C7B286E85E11</referedAttribute>
<use>0</use>
<logicalDatatype>LOGDT011</logicalDatatype>
<domain>2733833C-2C23-4751-860F-2BE773CE8BB3</domain>
<ownDataTypeParameters>,,</ownDataTypeParameters>
</Attribute>
<Attribute name="Id2" id="17AFBBF3-105D-3E1D-2435-CF52A10A0853">
<createdBy>bguillaumin</createdBy>
<createdTime>2017-04-20 09:12:58 UTC</createdTime>
<generatorID>2077A2B8-569F-A925-56F1-6882303866E6</generatorID>
<ownerDesignName>JobOverview</ownerDesignName>
<engineerTo>
<item key="56ADB870-93F3-30D4-4A8B-2900B6E9DE75" value="true"/>
</engineerTo>
<referedAttribute>51DC92B6-EA47-B165-8069-224F9FE042DC</referedAttribute>
<use>0</use>
<logicalDatatype>LOGDT037</logicalDatatype>
<domain>C6D3D085-84A5-0236-0E3C-208424306CD9</domain>
<ownDataTypeParameters>,,</ownDataTypeParameters>
</Attribute>
</attributes>
<identifiers itemClass="oracle.dbtools.crest.model.design.logical.CandidateKey">
<identifier id="FF0E6F1D-2C0D-E246-D90D-8CF1F4700CD5" name="Equipe PK">
<createdBy>bguillaumin</createdBy>
<createdTime>2017-04-20 09:12:02 UTC</createdTime>
<ownerDesignName>JobOverview</ownerDesignName>
<shouldEngineer>false</shouldEngineer>
<engineerTo>
<item key="56ADB870-93F3-30D4-4A8B-2900B6E9DE75" value="false"/>
</engineerTo>
<pk>true</pk>
<usedAttributes>
<attributeRef>BA2A0B91-E003-E5BA-C686-964A0F79C77F</attributeRef>
</usedAttributes>
</identifier>
</identifiers>
</Entity>