<?xml version = '1.0' encoding = 'UTF-8'?>
<Entity class="oracle.dbtools.crest.model.design.logical.Entity" directorySegmentName="seg_0" id="4F560065-5E0F-DB07-E2F3-FDB40CBF6E30" name="Métier">
<createdBy>bguillaumin</createdBy>
<createdTime>2017-04-20 08:11:27 UTC</createdTime>
<ownerDesignName>JobOverview</ownerDesignName>
<engineerTo>
<item key="56ADB870-93F3-30D4-4A8B-2900B6E9DE75" value="true"/>
</engineerTo>
<adequatelyNormalized>NO</adequatelyNormalized>
<expectedVolumes>0</expectedVolumes>
<fwdEngineeringStrategyName>Single Table</fwdEngineeringStrategyName>
<growthPercent>0</growthPercent>
<growthType>Year</growthType>
<maxVolumes>9999999</maxVolumes>
<minVolumes>0</minVolumes>
<normalForm>Third</normalForm>
<attributes itemClass="oracle.dbtools.crest.model.design.logical.Attribute">
<Attribute name="Code" id="821A7084-8102-80AB-04E3-97A7C08DE196">
<createdBy>bguillaumin</createdBy>
<createdTime>2017-04-20 08:11:45 UTC</createdTime>
<ownerDesignName>JobOverview</ownerDesignName>
<engineerTo>
<item key="56ADB870-93F3-30D4-4A8B-2900B6E9DE75" value="true"/>
</engineerTo>
<use>0</use>
<logicalDatatype>LOGDT037</logicalDatatype>
<domain>C6D3D085-84A5-0236-0E3C-208424306CD9</domain>
<ownDataTypeParameters>,,</ownDataTypeParameters>
</Attribute>
<Attribute name="Libelle" id="D14EB562-301C-CD4E-68E4-B07C20976C31">
<createdBy>bguillaumin</createdBy>
<createdTime>2017-04-20 08:11:59 UTC</createdTime>
<ownerDesignName>JobOverview</ownerDesignName>
<engineerTo>
<item key="56ADB870-93F3-30D4-4A8B-2900B6E9DE75" value="true"/>
</engineerTo>
<use>0</use>
<logicalDatatype>LOGDT037</logicalDatatype>
<domain>DD5661EB-2B04-4455-086E-3B585D81978B</domain>
<ownDataTypeParameters>,,</ownDataTypeParameters>
</Attribute>
</attributes>
<identifiers itemClass="oracle.dbtools.crest.model.design.logical.CandidateKey">
<identifier id="EFFB9EE8-5443-4548-09FF-3A84CB8F44B4" name="Métier PK">
<createdBy>bguillaumin</createdBy>
<createdTime>2017-04-20 08:11:57 UTC</createdTime>
<ownerDesignName>JobOverview</ownerDesignName>
<engineerTo>
<item key="56ADB870-93F3-30D4-4A8B-2900B6E9DE75" value="true"/>
</engineerTo>
<pk>true</pk>
<usedAttributes>
<attributeRef>821A7084-8102-80AB-04E3-97A7C08DE196</attributeRef>
</usedAttributes>
</identifier>
</identifiers>
</Entity>