<?xml version = '1.0' encoding = 'UTF-8'?>
<Entity class="oracle.dbtools.crest.model.design.logical.Entity" directorySegmentName="seg_0" id="6131A520-BC3D-18B0-81C9-F34672027533" name="TempsPasse">
<createdBy>bguillaumin</createdBy>
<createdTime>2017-04-20 09:04:40 UTC</createdTime>
<ownerDesignName>JobOverview</ownerDesignName>
<engineerTo>
<item key="56ADB870-93F3-30D4-4A8B-2900B6E9DE75" value="true"/>
</engineerTo>
<adequatelyNormalized>NO</adequatelyNormalized>
<expectedVolumes>0</expectedVolumes>
<fwdEngineeringStrategyName>Single Table</fwdEngineeringStrategyName>
<growthPercent>0</growthPercent>
<growthType>Year</growthType>
<maxVolumes>9999999</maxVolumes>
<minVolumes>0</minVolumes>
<normalForm>Third</normalForm>
<attributes itemClass="oracle.dbtools.crest.model.design.logical.Attribute">
<Attribute name="Jour" id="CE741714-D1F4-2052-924C-E777C362F1DF">
<createdBy>bguillaumin</createdBy>
<createdTime>2017-04-20 09:05:09 UTC</createdTime>
<ownerDesignName>JobOverview</ownerDesignName>
<engineerTo>
<item key="56ADB870-93F3-30D4-4A8B-2900B6E9DE75" value="true"/>
</engineerTo>
<use>0</use>
<logicalDatatype>LOGDT007</logicalDatatype>
<domain>A833FC96-CD02-5F85-E806-881523064D21</domain>
<ownDataTypeParameters>,,</ownDataTypeParameters>
</Attribute>
<Attribute name="Duree" id="8926919F-D691-B122-A946-0A8D546DF0AB">
<createdBy>bguillaumin</createdBy>
<createdTime>2017-04-20 09:04:55 UTC</createdTime>
<ownerDesignName>JobOverview</ownerDesignName>
<engineerTo>
<item key="56ADB870-93F3-30D4-4A8B-2900B6E9DE75" value="true"/>
</engineerTo>
<useDomainConstraints>false</useDomainConstraints>
<use>1</use>
<logicalDatatype>LOGDT026</logicalDatatype>
<dataTypePrecision>28</dataTypePrecision>
<ownDataTypeParameters>,28,</ownDataTypeParameters>
<listOfRanges>
<rangeDef class="oracle.dbtools.crest.model.design.constraint.AVT">
<beginValue>0</beginValue>
<endValue>8</endValue>
</rangeDef>
</listOfRanges>
</Attribute>
<Attribute name="Id1" id="3B8DBACE-D4DC-04E4-2692-537B6EE55D52">
<createdBy>bguillaumin</createdBy>
<createdTime>2017-04-20 09:08:57 UTC</createdTime>
<generatorID>7E3876AB-A982-6AB5-6A52-C878E3BA8512</generatorID>
<ownerDesignName>JobOverview</ownerDesignName>
<engineerTo>
<item key="56ADB870-93F3-30D4-4A8B-2900B6E9DE75" value="true"/>
</engineerTo>
<referedAttribute>14C4C5D3-4798-84C3-DC1C-A7C2F9D93C27</referedAttribute>
<use>0</use>
<logicalDatatype>LOGDT011</logicalDatatype>
<domain>2733833C-2C23-4751-860F-2BE773CE8BB3</domain>
<ownDataTypeParameters>,,</ownDataTypeParameters>
</Attribute>
<Attribute name="Ident" id="DE542455-09FA-F6AD-F92C-BD9C0F6A32B5">
<createdBy>bguillaumin</createdBy>
<createdTime>2017-04-20 14:37:13 UTC</createdTime>
<generatorID>CB18F797-8707-B4AC-347E-51C1DA3CD490</generatorID>
<ownerDesignName>JobOverview</ownerDesignName>
<engineerTo>
<item key="56ADB870-93F3-30D4-4A8B-2900B6E9DE75" value="true"/>
</engineerTo>
<referedAttribute>01EC7F53-B225-A7C3-6E15-F12E37D0E295</referedAttribute>
<use>0</use>
<logicalDatatype>LOGDT037</logicalDatatype>
<domain>C6D3D085-84A5-0236-0E3C-208424306CD9</domain>
<ownDataTypeParameters>,,</ownDataTypeParameters>
</Attribute>
</attributes>
<identifiers itemClass="oracle.dbtools.crest.model.design.logical.CandidateKey">
<identifier id="1A23284A-8635-D092-C02E-378451E00686" name="TempsPasse PK">
<createdBy>bguillaumin</createdBy>
<createdTime>2017-04-20 09:04:53 UTC</createdTime>
<ownerDesignName>JobOverview</ownerDesignName>
<engineerTo>
<item key="56ADB870-93F3-30D4-4A8B-2900B6E9DE75" value="true"/>
</engineerTo>
<pk>true</pk>
<usedAttributes>
<attributeRef>3B8DBACE-D4DC-04E4-2692-537B6EE55D52</attributeRef>
<attributeRef>CE741714-D1F4-2052-924C-E777C362F1DF</attributeRef>
</usedAttributes>
</identifier>
</identifiers>
</Entity>