<?xml version = '1.0' encoding = 'UTF-8'?>
<Entity class="oracle.dbtools.crest.model.design.logical.Entity" directorySegmentName="seg_0" id="6CD95A72-1E8F-C722-77AD-E6385C26239F" name="Filière">
<createdBy>bguillaumin</createdBy>
<createdTime>2017-04-20 07:24:00 UTC</createdTime>
<ownerDesignName>JobOverview</ownerDesignName>
<shouldEngineer>false</shouldEngineer>
<engineerTo>
<item key="56ADB870-93F3-30D4-4A8B-2900B6E9DE75" value="false"/>
</engineerTo>
<adequatelyNormalized>NO</adequatelyNormalized>
<expectedVolumes>0</expectedVolumes>
<fwdEngineeringStrategyName>Single Table</fwdEngineeringStrategyName>
<growthPercent>0</growthPercent>
<growthType>Year</growthType>
<maxVolumes>9999999</maxVolumes>
<minVolumes>0</minVolumes>
<normalForm>Third</normalForm>
<attributes itemClass="oracle.dbtools.crest.model.design.logical.Attribute">
<Attribute name="Id" id="51DC92B6-EA47-B165-8069-224F9FE042DC">
<createdBy>bguillaumin</createdBy>
<createdTime>2017-04-20 09:12:48 UTC</createdTime>
<ownerDesignName>JobOverview</ownerDesignName>
<shouldEngineer>false</shouldEngineer>
<engineerTo>
<item key="56ADB870-93F3-30D4-4A8B-2900B6E9DE75" value="false"/>
</engineerTo>
<use>0</use>
<logicalDatatype>LOGDT037</logicalDatatype>
<domain>C6D3D085-84A5-0236-0E3C-208424306CD9</domain>
<ownDataTypeParameters>,,</ownDataTypeParameters>
</Attribute>
<Attribute name="Libelle" id="57458788-9EEF-4599-211A-8267A360314F">
<createdBy>bguillaumin</createdBy>
<createdTime>2017-04-20 09:12:52 UTC</createdTime>
<ownerDesignName>JobOverview</ownerDesignName>
<shouldEngineer>false</shouldEngineer>
<engineerTo>
<item key="56ADB870-93F3-30D4-4A8B-2900B6E9DE75" value="false"/>
</engineerTo>
<use>0</use>
<logicalDatatype>LOGDT037</logicalDatatype>
<domain>DD5661EB-2B04-4455-086E-3B585D81978B</domain>
<ownDataTypeParameters>,,</ownDataTypeParameters>
</Attribute>
</attributes>
<identifiers itemClass="oracle.dbtools.crest.model.design.logical.CandidateKey">
<identifier id="42E16D51-25AE-6FE2-A5A2-8FD9E981B9DB" name="Filière PK">
<createdBy>bguillaumin</createdBy>
<createdTime>2017-04-20 09:12:51 UTC</createdTime>
<ownerDesignName>JobOverview</ownerDesignName>
<shouldEngineer>false</shouldEngineer>
<engineerTo>
<item key="56ADB870-93F3-30D4-4A8B-2900B6E9DE75" value="false"/>
</engineerTo>
<pk>true</pk>
<usedAttributes>
<attributeRef>51DC92B6-EA47-B165-8069-224F9FE042DC</attributeRef>
</usedAttributes>
</identifier>
</identifiers>
</Entity>