<?xml version = '1.0' encoding = 'UTF-8'?>
<Entity class="oracle.dbtools.crest.model.design.logical.Entity" directorySegmentName="seg_0" id="9D549DF2-B91A-5EE8-0E70-8FB500AE93D4" name="Module">
<createdBy>bguillaumin</createdBy>
<createdTime>2017-04-20 07:35:57 UTC</createdTime>
<ownerDesignName>JobOverview</ownerDesignName>
<shouldEngineer>false</shouldEngineer>
<engineerTo>
<item key="56ADB870-93F3-30D4-4A8B-2900B6E9DE75" value="false"/>
</engineerTo>
<adequatelyNormalized>NO</adequatelyNormalized>
<expectedVolumes>0</expectedVolumes>
<fwdEngineeringStrategyName>Single Table</fwdEngineeringStrategyName>
<growthPercent>0</growthPercent>
<growthType>Year</growthType>
<maxVolumes>9999999</maxVolumes>
<minVolumes>0</minVolumes>
<normalForm>Third</normalForm>
<attributes itemClass="oracle.dbtools.crest.model.design.logical.Attribute">
<Attribute name="CodeId" id="43D3E730-426C-C94D-4BB8-D8090D801668">
<createdBy>bguillaumin</createdBy>
<createdTime>2017-04-20 07:41:38 UTC</createdTime>
<ownerDesignName>JobOverview</ownerDesignName>
<shouldEngineer>false</shouldEngineer>
<engineerTo>
<item key="56ADB870-93F3-30D4-4A8B-2900B6E9DE75" value="false"/>
</engineerTo>
<use>0</use>
<logicalDatatype>LOGDT037</logicalDatatype>
<domain>C6D3D085-84A5-0236-0E3C-208424306CD9</domain>
<ownDataTypeParameters>,,</ownDataTypeParameters>
</Attribute>
<Attribute name="Libelle" id="F51C9310-CF59-BD63-51F4-A19B7E35392C">
<createdBy>bguillaumin</createdBy>
<createdTime>2017-04-20 07:40:52 UTC</createdTime>
<ownerDesignName>JobOverview</ownerDesignName>
<shouldEngineer>false</shouldEngineer>
<engineerTo>
<item key="56ADB870-93F3-30D4-4A8B-2900B6E9DE75" value="false"/>
</engineerTo>
<use>0</use>
<logicalDatatype>LOGDT037</logicalDatatype>
<domain>DD5661EB-2B04-4455-086E-3B585D81978B</domain>
<ownDataTypeParameters>,,</ownDataTypeParameters>
</Attribute>
<Attribute name="Code" id="D805BE02-8F03-BC2C-F5AB-C633BD690F0C">
<createdBy>bguillaumin</createdBy>
<createdTime>2017-04-20 07:42:06 UTC</createdTime>
<generatorID>7A6A15E2-E89A-F599-85A5-E08D526EE2EF</generatorID>
<ownerDesignName>JobOverview</ownerDesignName>
<engineerTo>
<item key="56ADB870-93F3-30D4-4A8B-2900B6E9DE75" value="true"/>
</engineerTo>
<referedAttribute>9B47DA59-ACB3-CF87-EDE6-800AEBFE1FEB</referedAttribute>
<use>0</use>
<logicalDatatype>LOGDT037</logicalDatatype>
<domain>C6D3D085-84A5-0236-0E3C-208424306CD9</domain>
<ownDataTypeParameters>,,</ownDataTypeParameters>
</Attribute>
<Attribute name="CodeId1" id="B3072975-DFC0-D960-34C1-D3124430FBA6">
<createdBy>bguillaumin</createdBy>
<createdTime>2017-04-20 09:57:02 UTC</createdTime>
<generatorID>AB4C3983-1AFC-E3C3-D89A-51068458DCA0</generatorID>
<ownerDesignName>JobOverview</ownerDesignName>
<engineerTo>
<item key="56ADB870-93F3-30D4-4A8B-2900B6E9DE75" value="true"/>
</engineerTo>
<nullsAllowed>true</nullsAllowed>
<referedAttribute>43D3E730-426C-C94D-4BB8-D8090D801668</referedAttribute>
<use>0</use>
<logicalDatatype>LOGDT037</logicalDatatype>
<domain>C6D3D085-84A5-0236-0E3C-208424306CD9</domain>
<ownDataTypeParameters>,,</ownDataTypeParameters>
</Attribute>
</attributes>
<identifiers itemClass="oracle.dbtools.crest.model.design.logical.CandidateKey">
<identifier id="37A58D20-3B14-009A-95F2-BA5A73F15E65" name="Module PK">
<createdBy>bguillaumin</createdBy>
<createdTime>2017-04-20 07:41:47 UTC</createdTime>
<ownerDesignName>JobOverview</ownerDesignName>
<shouldEngineer>false</shouldEngineer>
<engineerTo>
<item key="56ADB870-93F3-30D4-4A8B-2900B6E9DE75" value="false"/>
</engineerTo>
<pk>true</pk>
<usedAttributes>
<attributeRef>43D3E730-426C-C94D-4BB8-D8090D801668</attributeRef>
</usedAttributes>
</identifier>
</identifiers>
</Entity>