<?xml version = '1.0' encoding = 'UTF-8'?>
<Entity class="oracle.dbtools.crest.model.design.logical.Entity" directorySegmentName="seg_0" id="B983772C-1F97-B711-74A8-64F5EA95DB91" name="Releas">
<createdBy>bguillaumin</createdBy>
<createdTime>2017-04-20 07:49:50 UTC</createdTime>
<ownerDesignName>JobOverview</ownerDesignName>
<shouldEngineer>false</shouldEngineer>
<engineerTo>
<item key="56ADB870-93F3-30D4-4A8B-2900B6E9DE75" value="false"/>
</engineerTo>
<adequatelyNormalized>NO</adequatelyNormalized>
<expectedVolumes>0</expectedVolumes>
<fwdEngineeringStrategyName>Single Table</fwdEngineeringStrategyName>
<growthPercent>0</growthPercent>
<growthType>Year</growthType>
<maxVolumes>9999999</maxVolumes>
<minVolumes>0</minVolumes>
<normalForm>Third</normalForm>
<attributes itemClass="oracle.dbtools.crest.model.design.logical.Attribute">
<Attribute name="Id" id="658F1B85-E5EA-44B3-21B1-A5081E0AEB42">
<createdBy>bguillaumin</createdBy>
<createdTime>2017-04-21 09:57:13 UTC</createdTime>
<ownerDesignName>JobOverview</ownerDesignName>
<engineerTo>
<item key="56ADB870-93F3-30D4-4A8B-2900B6E9DE75" value="true"/>
</engineerTo>
<use>0</use>
<logicalDatatype>LOGDT011</logicalDatatype>
<domain>2733833C-2C23-4751-860F-2BE773CE8BB3</domain>
<ownDataTypeParameters>,,</ownDataTypeParameters>
</Attribute>
<Attribute name="Numero" id="53871802-850D-6A41-96F2-72F265CCBCE7">
<createdBy>bguillaumin</createdBy>
<createdTime>2017-04-20 07:50:02 UTC</createdTime>
<ownerDesignName>JobOverview</ownerDesignName>
<shouldEngineer>false</shouldEngineer>
<engineerTo>
<item key="56ADB870-93F3-30D4-4A8B-2900B6E9DE75" value="false"/>
</engineerTo>
<useDomainConstraints>false</useDomainConstraints>
<use>1</use>
<logicalDatatype>LOGDT018</logicalDatatype>
<ownDataTypeParameters>,,</ownDataTypeParameters>
<listOfRanges>
<rangeDef class="oracle.dbtools.crest.model.design.constraint.AVT">
<beginValue>1</beginValue>
<endValue>999</endValue>
</rangeDef>
</listOfRanges>
</Attribute>
<Attribute name="DateCreation" id="35178913-268B-A509-9C3B-E65CE323FEE5">
<createdBy>bguillaumin</createdBy>
<createdTime>2017-04-20 07:50:25 UTC</createdTime>
<ownerDesignName>JobOverview</ownerDesignName>
<shouldEngineer>false</shouldEngineer>
<engineerTo>
<item key="56ADB870-93F3-30D4-4A8B-2900B6E9DE75" value="false"/>
</engineerTo>
<use>0</use>
<logicalDatatype>LOGDT007</logicalDatatype>
<domain>A833FC96-CD02-5F85-E806-881523064D21</domain>
<ownDataTypeParameters>,,</ownDataTypeParameters>
</Attribute>
<Attribute name="IdUnique" id="AF9B5069-1F49-2C5C-2036-5F1349AD1B71">
<createdBy>bguillaumin</createdBy>
<createdTime>2017-04-20 11:30:45 UTC</createdTime>
<generatorID>88D5F68C-7F1A-27F3-B66F-AB79A79A69A3</generatorID>
<ownerDesignName>JobOverview</ownerDesignName>
<engineerTo>
<item key="56ADB870-93F3-30D4-4A8B-2900B6E9DE75" value="true"/>
</engineerTo>
<referedAttribute>B1D8D735-5676-EA7B-440A-604647CE1D01</referedAttribute>
<use>0</use>
<logicalDatatype>LOGDT037</logicalDatatype>
<domain>C6D3D085-84A5-0236-0E3C-208424306CD9</domain>
<ownDataTypeParameters>,,</ownDataTypeParameters>
</Attribute>
</attributes>
<identifiers itemClass="oracle.dbtools.crest.model.design.logical.CandidateKey">
<identifier id="FB01FDE5-0673-8914-72BF-61E064AECE39" name="Release PK">
<createdBy>bguillaumin</createdBy>
<createdTime>2017-04-20 07:50:12 UTC</createdTime>
<ownerDesignName>JobOverview</ownerDesignName>
<shouldEngineer>false</shouldEngineer>
<engineerTo>
<item key="56ADB870-93F3-30D4-4A8B-2900B6E9DE75" value="false"/>
</engineerTo>
<pk>true</pk>
<usedAttributes>
<attributeRef>658F1B85-E5EA-44B3-21B1-A5081E0AEB42</attributeRef>
</usedAttributes>
</identifier>
</identifiers>
</Entity>