<?xml version = '1.0' encoding = 'UTF-8'?>
<Entity class="oracle.dbtools.crest.model.design.logical.Entity" directorySegmentName="seg_0" id="DD0A4DEA-A50A-134F-A103-7C8984150C7B" name="Annexe">
<createdBy>bguillaumin</createdBy>
<createdTime>2017-04-20 07:54:10 UTC</createdTime>
<ownerDesignName>JobOverview</ownerDesignName>
<engineerTo>
<item key="56ADB870-93F3-30D4-4A8B-2900B6E9DE75" value="true"/>
</engineerTo>
<adequatelyNormalized>NO</adequatelyNormalized>
<expectedVolumes>0</expectedVolumes>
<fwdEngineeringStrategyName>Single Table</fwdEngineeringStrategyName>
<growthPercent>0</growthPercent>
<growthType>Year</growthType>
<hierarchicalParent>439504C5-31D3-6140-4A80-8F9EF79A2B66</hierarchicalParent>
<maxVolumes>9999999</maxVolumes>
<minVolumes>0</minVolumes>
<normalForm>Third</normalForm>
<attributes itemClass="oracle.dbtools.crest.model.design.logical.Attribute">
<Attribute name="Id" id="2F3EDE40-6702-C4D2-CBD0-8FE1AF9BED57">
<createdBy>bguillaumin</createdBy>
<createdTime>2017-04-20 08:02:49 UTC</createdTime>
<ownerDesignName>JobOverview</ownerDesignName>
<engineerTo>
<item key="56ADB870-93F3-30D4-4A8B-2900B6E9DE75" value="true"/>
</engineerTo>
<use>0</use>
<logicalDatatype>LOGDT011</logicalDatatype>
<domain>2733833C-2C23-4751-860F-2BE773CE8BB3</domain>
<ownDataTypeParameters>,,</ownDataTypeParameters>
</Attribute>
<Attribute name="Code" id="6B18D0AC-4780-74DD-A538-1396BBE2D5EF">
<createdBy>bguillaumin</createdBy>
<createdTime>2017-04-20 11:29:50 UTC</createdTime>
<generatorID>984B7D40-EC3B-C4FF-9AE6-37292D997E37</generatorID>
<ownerDesignName>JobOverview</ownerDesignName>
<engineerTo>
<item key="56ADB870-93F3-30D4-4A8B-2900B6E9DE75" value="true"/>
</engineerTo>
<referedAttribute>07A6BB09-159E-0EAD-9F54-EA80F5FF434A</referedAttribute>
<use>0</use>
<logicalDatatype>LOGDT037</logicalDatatype>
<domain>C6D3D085-84A5-0236-0E3C-208424306CD9</domain>
<ownDataTypeParameters>,,</ownDataTypeParameters>
</Attribute>
</attributes>
<identifiers itemClass="oracle.dbtools.crest.model.design.logical.CandidateKey">
<identifier id="7410F3B2-CDC8-0EAA-EC5E-FF2161A93CF8" name="Annexe PK">
<createdBy>bguillaumin</createdBy>
<createdTime>2017-04-20 08:02:53 UTC</createdTime>
<ownerDesignName>JobOverview</ownerDesignName>
<engineerTo>
<item key="56ADB870-93F3-30D4-4A8B-2900B6E9DE75" value="true"/>
</engineerTo>
<pk>true</pk>
<usedAttributes>
<attributeRef>2F3EDE40-6702-C4D2-CBD0-8FE1AF9BED57</attributeRef>
</usedAttributes>
</identifier>
</identifiers>
</Entity>