<?xml version = '1.0' encoding = 'UTF-8'?>
<FKArc class="oracle.dbtools.crest.model.design.relational.FKArc" directorySegmentName="seg_0" id="E220DE61-47D7-40D8-9CCC-F9E2772A2263" name="FKArc_4">
<createdBy>bguillaumin</createdBy>
<createdTime>2017-04-20 14:39:16 UTC</createdTime>
<ownerDesignName>JobOverview</ownerDesignName>
<mandatory>false</mandatory>
<reverseArc>true</reverseArc>
<table>B36F3C9E-050E-91C5-4735-50543F46DFB3</table>
<fkeys>
<fkeyID>F6399B54-1E9B-2E3D-B547-97959205DBCC</fkeyID>
<fkeyID>ECCC4632-8090-DF49-226F-E5D755D48813</fkeyID>
</fkeys>
</FKArc>