<?xml version = '1.0' encoding = 'UTF-8'?>
<relationalModel class="oracle.dbtools.crest.model.design.relational.RelationalDesign" name="MPD Projet BDD" id="56ADB870-93F3-30D4-4A8B-2900B6E9DE75" mainViewID="8B764800-DF7F-625E-BA86-329C702A8CC1">
<createdBy>bguillaumin</createdBy>
<createdTime>2017-04-20 11:31:18 UTC</createdTime>
<ownerDesignName>JobOverview</ownerDesignName>
<shouldBeOpen>false</shouldBeOpen>
<selectedRDBMSSite>22943E51-0387-1F2A-CED9-5FB738BA5A0C</selectedRDBMSSite>
</relationalModel>